-- phpMyAdmin SQL Dump
-- version 4.5.4.1deb2ubuntu2.1
-- http://www.phpmyadmin.net
--
-- Client :  localhost
-- Généré le :  Mer 20 Novembre 2019 à 11:47
-- Version du serveur :  5.7.27-0ubuntu0.16.04.1
-- Version de PHP :  7.0.33-0ubuntu0.16.04.7

SET SQL_MODE = "NO_AUTO_VALUE_ON_ZERO";
SET time_zone = "+00:00";


/*!40101 SET @OLD_CHARACTER_SET_CLIENT=@@CHARACTER_SET_CLIENT */;
/*!40101 SET @OLD_CHARACTER_SET_RESULTS=@@CHARACTER_SET_RESULTS */;
/*!40101 SET @OLD_COLLATION_CONNECTION=@@COLLATION_CONNECTION */;
/*!40101 SET NAMES utf8mb4 */;

--
-- Base de données :  `blog`
--

-- --------------------------------------------------------

--
-- Structure de la table `article`
--

CREATE TABLE `article` (
  `id` int(11) NOT NULL,
  `title` varchar(255) COLLATE utf8mb4_unicode_ci NOT NULL,
  `content` longtext COLLATE utf8mb4_unicode_ci NOT NULL,
  `image` varchar(255) COLLATE utf8mb4_unicode_ci NOT NULL,
  `created_at` datetime NOT NULL,
  `category_id` int(11) NOT NULL
) ENGINE=InnoDB DEFAULT CHARSET=utf8mb4 COLLATE=utf8mb4_unicode_ci;

--
-- Contenu de la table `article`
--

INSERT INTO `article` (`id`, `title`, `content`, `image`, `created_at`, `category_id`) VALUES
(1, 'Temporibus et repudiandae autem optio.', '<p>Iure aut nulla magnam quo architecto rerum. Voluptas ad neque qui possimus. Velit nulla itaque maiores./p><p>Vitae debitis voluptatibus aut sit blanditiis eum aut dolores. Est quo ipsam maxime in ad quos voluptatum quia. Dolor laborum deserunt quo vel. Perspiciatis dicta id cupiditate placeat rerum asperiores./p><p>Sit nulla dolorem fugit sed aut qui deleniti. Ut vel sed qui ullam ea molestiae. Consectetur voluptatem necessitatibus aut qui eos veniam./p><p>Quis et atque eligendi sequi. Et nostrum saepe nihil deleniti at. Enim quaerat dicta sint./p><p>Vel perferendis sapiente quia delectus rem. Expedita suscipit voluptatem deserunt omnis. Praesentium fuga autem asperiores exercitationem architecto. Fugiat voluptates natus magnam animi.</p>', 'https://lorempixel.com/640/480/?78356', '2019-10-11 01:46:58', 2),
(2, 'Dolores ullam laboriosam eum saepe in.', '<p>Facilis consequatur ad accusamus deserunt architecto dolor eligendi optio. Voluptates quidem voluptas ut qui quia alias. Quo possimus blanditiis quia et ab vel. Modi qui esse eligendi laboriosam eum harum dolorum./p><p>Ea consequuntur laboriosam aut officia suscipit. Perspiciatis recusandae consectetur neque earum. Aliquam nemo harum delectus quia alias aliquam facere. Provident accusantium quia praesentium veniam./p><p>Nulla et vitae in autem exercitationem quis. Temporibus laborum labore consequatur qui voluptatem sed repellendus. Sapiente nulla iste fuga consequatur aperiam amet dignissimos./p><p>Voluptate tempora culpa molestiae eos id molestias. Laboriosam adipisci quasi et architecto accusamus. Reprehenderit quas et inventore velit ut et numquam./p><p>Debitis est qui quaerat eum. Aperiam soluta est occaecati rerum ut veniam. Qui ipsam tempore est corrupti est.</p>', 'https://lorempixel.com/640/480/?59609', '2019-11-12 11:17:40', 1),
(3, 'Enim cumque placeat id doloremque sed omnis accusamus.', '<p>Culpa aliquam alias et similique magnam id distinctio. Neque tempora vel ut deleniti perspiciatis et. Nostrum minima non ea nobis quo maiores deleniti veniam./p><p>Debitis hic recusandae et similique dolores. Reiciendis eius aliquam quos at quis totam sed. Fuga ab quia occaecati placeat. Exercitationem nesciunt molestiae vel consequatur aspernatur omnis quia. Ab aliquid repellendus aut quia repellat alias./p><p>Quis explicabo qui illo ut voluptatem. Quia esse rerum voluptas odit est non optio. Qui voluptate ad iusto aspernatur non minus ea./p><p>Iure expedita enim est occaecati voluptates dolores. In illo eos similique possimus asperiores ea. Voluptatem non error optio omnis veritatis aut porro./p><p>Fuga officia reprehenderit esse neque. Sunt numquam dolores culpa ipsa non. Omnis possimus corporis dolores nobis voluptate.</p>', 'https://lorempixel.com/640/480/?18257', '2019-08-03 07:54:26', 1),
(4, 'Deleniti aut facilis natus aspernatur.', '<p>Quidem vel accusamus consequatur asperiores qui et. Aut itaque facilis recusandae illo qui. Qui sit sed sunt possimus./p><p>Ea error pariatur sunt et aut enim non. Optio et fuga ipsam occaecati quia. Dicta blanditiis sit explicabo esse optio qui dolor. Voluptatem eaque eaque sequi voluptatem quis soluta distinctio./p><p>Ea sed temporibus maiores soluta dolorum et dolorum. Sapiente aut suscipit porro ipsam dolor./p><p>Veritatis asperiores sunt quia laborum ut qui. Aperiam soluta quod ea nemo. Sed est autem et numquam./p><p>Qui aliquid quos minima maxime. Et adipisci vel impedit laboriosam non quisquam aut. Ut similique incidunt omnis laboriosam modi architecto occaecati. Dicta aut fuga et nesciunt consequuntur repudiandae.</p>', 'https://lorempixel.com/640/480/?41347', '2019-10-23 10:37:22', 1),
(5, 'Possimus doloribus aut rerum.', '<p>Ut enim omnis officia et nemo quia error. Odit praesentium eos quasi ea rerum repellat ducimus. Suscipit aperiam est voluptas dolor ea ipsum in deleniti./p><p>Nemo similique id iure iste. Aut in sed rerum nulla delectus. Sit qui vel sed ipsum. Minima harum autem atque commodi rerum eos sed vitae./p><p>Accusantium quas eligendi quis. Aperiam voluptatem ex consequatur mollitia consequatur ullam corporis./p><p>Dolorum iure beatae quos illo iusto totam est rerum. Rerum non maiores ex neque laudantium porro sed quam. Incidunt et voluptates libero ut molestias omnis./p><p>Quam est unde voluptate autem. Quisquam at quos harum eos esse nesciunt molestiae culpa. Consequuntur quo illum minima eius ex earum iure ducimus. Vero at corrupti distinctio placeat minus qui doloremque.</p>', 'https://lorempixel.com/640/480/?34182', '2019-07-18 12:11:49', 1),
(6, 'Aut nobis perferendis esse molestiae.', '<p>Est repudiandae eius non. Cumque reiciendis ex adipisci distinctio eius odit. Qui sunt id consequatur deleniti dolore enim. Accusamus quod mollitia quo deserunt itaque aliquid laboriosam./p><p>Nostrum dolorem voluptatem doloremque laborum maxime dicta qui. Non assumenda aut voluptatibus. Voluptatem esse nihil deserunt ut assumenda aspernatur./p><p>Et ratione qui praesentium voluptate. Est distinctio eius qui molestias. Perferendis impedit et aliquid est./p><p>Quibusdam consequatur repudiandae eaque vero ut aperiam. Iste rem minima blanditiis rerum quibusdam harum eveniet. Repellat veritatis beatae aut molestiae. Optio corporis corrupti amet eaque vero voluptas repellendus./p><p>Occaecati aliquid et quibusdam dolores alias quis. Repudiandae ut in totam aliquid dolor delectus. Facere quos vero a accusamus porro. Nesciunt amet assumenda soluta ea dolor.</p>', 'https://lorempixel.com/640/480/?53969', '2019-11-14 15:11:48', 1),
(7, 'Et quod temporibus cum deleniti quis asperiores.', '<p>Necessitatibus expedita amet possimus et. Quas rerum maiores dolores esse. Qui sunt laboriosam accusantium iure. Fugiat et tempora qui. Reprehenderit qui facere perferendis./p><p>Iure veniam ab suscipit. Vitae et consequatur et enim velit. Officia sunt nisi sapiente officiis accusamus./p><p>Quia voluptas quibusdam consequuntur error illo. Debitis amet ullam nobis nulla amet repudiandae. Omnis et occaecati eos aut tempore esse officiis./p><p>Perferendis ex neque sit totam velit distinctio voluptatem. Aliquid quis veritatis molestiae. Ut odit tempora sunt nostrum molestias rerum est. Dolorem incidunt esse qui veniam./p><p>Aut est quisquam alias qui esse est. Quia ducimus ad voluptas earum sit. Quo in inventore ut vitae placeat sint sequi. Reiciendis eos autem numquam velit et reiciendis.</p>', 'https://lorempixel.com/640/480/?92138', '2019-06-05 05:32:50', 1),
(8, 'Consequuntur ut ut possimus dolorem quae aut at qui.', '<p>Et voluptas laudantium omnis voluptatum reiciendis. Omnis similique necessitatibus deserunt quisquam. Omnis voluptatem consequatur neque et./p><p>Excepturi amet est quisquam fugit doloremque quo. Optio ex debitis quia rerum exercitationem incidunt sunt. Molestias debitis totam eum consequatur est autem doloribus. Expedita dolor blanditiis voluptates deleniti ut ut voluptatem./p><p>Nostrum ut exercitationem animi ipsam illum maiores. Sed quia beatae officiis optio nemo. Ut sapiente nesciunt quos cumque ducimus eligendi accusamus voluptates./p><p>Sit sed unde ullam. Hic veniam deserunt eos sit impedit. Neque quas maxime nam impedit ducimus amet voluptas beatae./p><p>Iste amet rerum rerum sint similique eum alias. Rem quia voluptatem magni minus in. Qui expedita quaerat sit repellat. Voluptas consequatur non est quod veritatis voluptatem et eos.</p>', 'https://lorempixel.com/640/480/?64909', '2019-08-30 12:17:55', 1),
(9, 'Omnis in vel asperiores dolorem.', '<p>Sint deleniti repudiandae ullam cupiditate quis earum officiis. Suscipit eum alias occaecati. Dolorem reprehenderit et voluptas suscipit quos ab. Magni sint tenetur fuga ipsa./p><p>Natus occaecati tempora vitae laborum. Et deserunt aut praesentium porro dolorem rerum est./p><p>Porro in omnis necessitatibus. Odio nisi dolorem et dolorem qui. In autem porro ut recusandae ipsa. Consequuntur tempore nostrum est./p><p>Possimus porro autem fuga repellendus. Libero rerum omnis ea architecto id. Dolorem et quaerat minus quos./p><p>Ea et ratione saepe nulla. Illum occaecati in quod ipsum nemo nam quia. Suscipit tempore quibusdam et.</p>', 'https://lorempixel.com/640/480/?40495', '2019-08-22 01:45:48', 1),
(10, 'Est ut dolore nostrum natus magni.', '<p>Sed doloribus est ab. Dolore dolores quos quisquam laudantium deleniti ex. Sit reprehenderit odit numquam officiis reiciendis. Maiores ut sed quas error facilis veniam soluta./p><p>Sapiente harum corporis aliquam autem. Cupiditate est ullam deleniti nesciunt. Velit ipsum tempora omnis vel./p><p>Et eaque numquam sed nostrum occaecati. Soluta et quis rerum molestiae labore. Ratione nobis et unde illo./p><p>Mollitia nemo doloremque atque autem autem in. At deserunt ut et tempore ipsam aperiam qui non. Itaque quia magnam repudiandae quod./p><p>Aperiam vel nisi dolores autem praesentium. Deserunt autem dolorum et itaque veritatis sapiente. Suscipit quo nulla voluptatem qui ut ut. Placeat eos perferendis rerum harum ut.</p>', 'https://lorempixel.com/640/480/?62497', '2019-05-20 23:19:49', 1),
(11, 'Voluptatem hic ut eos rerum.', '<p>Rem sed rerum sit quia laboriosam voluptates. Quae sunt dolorum voluptas illum tempora. Dolorem et officia consequatur rerum. Consectetur dignissimos saepe veniam quidem velit./p><p>Corporis pariatur molestias magnam eius cumque in. Et iure autem adipisci. Aut rem eos quas qui atque laborum. Deleniti omnis ab quia doloremque quo. Aliquid exercitationem ipsum quibusdam laboriosam exercitationem modi voluptas./p><p>Distinctio dolorem voluptas in. Impedit debitis eligendi asperiores omnis esse maxime ipsum. Rem saepe excepturi ducimus. Dolorum ducimus labore odio illo natus deleniti./p><p>Voluptates reiciendis iusto vitae fuga omnis. Ex nobis velit rerum illo voluptas deserunt quis nisi./p><p>Ab consequuntur adipisci similique esse asperiores qui. Velit aut et soluta adipisci. Quibusdam voluptas libero culpa. Impedit nesciunt sed expedita harum.</p>', 'https://lorempixel.com/640/480/?73288', '2019-06-14 11:50:26', 2),
(12, 'Omnis et quidem qui tempora.', '<p>Ut aut hic nostrum ut. Veritatis a eos eos qui veniam. At aut voluptatem dolorem et nam./p><p>Ipsum voluptatem deleniti architecto. Quo modi est sequi et aut molestiae dolor./p><p>Amet molestiae eos reprehenderit corporis commodi. Placeat beatae voluptatum ipsam qui. Placeat ea sed officiis voluptas quas vel id. Tempore sapiente perspiciatis dolorem totam ullam harum./p><p>Quos a iste cupiditate accusantium dolores animi sit. Aut dicta voluptatem iure tempore. Reprehenderit deserunt harum nulla quasi. Dolor maxime adipisci rerum./p><p>Ab facilis ut quod voluptatibus maiores et. Illo quam voluptatem rerum enim explicabo et aut. Rerum asperiores qui ut consequatur aliquid est. Amet id dolor culpa.</p>', 'https://lorempixel.com/640/480/?94822', '2019-08-25 01:45:20', 2),
(13, 'Sunt laboriosam dolorem nihil quasi.', '<p>Exercitationem odit minima ut quos eos voluptas fugiat quo. Consequatur et molestias natus quidem aspernatur. Ea porro et eos molestiae dolor aut./p><p>Numquam ut cum voluptatum expedita sit totam. Aut ea eveniet dolorem a possimus amet. Adipisci qui illo nostrum amet libero. Aperiam iste inventore minus saepe illum est occaecati./p><p>Perspiciatis possimus unde saepe id quis ducimus. Dolor fuga voluptatem dicta ab voluptas voluptatibus. Eos quasi voluptatem voluptatem quidem. Fugiat aut ut dolores dolor ut commodi./p><p>Assumenda et culpa quis occaecati neque. Adipisci aspernatur fuga et distinctio in. Quam rem veniam distinctio reiciendis harum laboriosam perspiciatis natus./p><p>Rem tempora consequatur ad et voluptate in. Et neque ut praesentium illum voluptatum ea. Sit rerum minima ex vero.</p>', 'https://lorempixel.com/640/480/?17286', '2019-05-21 03:28:21', 2),
(14, 'Blanditiis fugiat in odit quas eligendi.', '<p>Blanditiis sint qui ea et. Accusantium totam voluptas adipisci quidem dolore. Laborum reprehenderit aut adipisci ut soluta maxime nostrum. Animi asperiores et temporibus animi. Delectus consequatur est id iste eos./p><p>Aliquam doloribus reprehenderit impedit aliquam incidunt et illo. Molestias fugit doloremque adipisci reiciendis inventore. Enim totam sit necessitatibus eos rem velit. Quibusdam sed perferendis modi./p><p>Iusto numquam enim in illo deleniti temporibus explicabo harum. Cumque voluptas quaerat ratione delectus debitis. Nihil ad dolorem autem eaque labore./p><p>At commodi est fugit similique dolore optio magni. Quia temporibus et quia ea animi nihil quis quos. Temporibus et praesentium quibusdam aperiam et ratione ut./p><p>Suscipit asperiores dolor voluptatum. Dolor optio modi laboriosam aut et. Qui laboriosam sapiente ut tempora hic. Praesentium unde accusantium sed.</p>', 'https://lorempixel.com/640/480/?74465', '2019-09-18 10:39:37', 2),
(15, 'At odit placeat est.', '<p>Velit vitae laudantium corporis velit iste dolore. Fugiat sint autem est magni quasi ex. Aperiam blanditiis aut reprehenderit ipsam ipsum./p><p>A sit tempora libero officia saepe cum. Veritatis et quae deleniti in impedit similique. Velit libero libero aliquid quasi incidunt repellendus est. Corrupti voluptate et voluptatem sequi incidunt./p><p>Voluptatem sed cupiditate a reiciendis. Saepe a tempore eligendi tenetur. Id eius illum molestiae dolores vitae architecto./p><p>Dolore voluptas dolore ut quia et earum adipisci. Ullam vel qui reprehenderit aut beatae voluptatem. Sint similique quisquam non molestiae. Voluptatem qui eum molestiae laudantium ut similique aspernatur perferendis./p><p>Architecto enim consectetur temporibus adipisci fuga debitis voluptatum consectetur. Iure omnis aut consequatur. Totam velit aperiam rerum recusandae qui mollitia commodi. Ullam saepe molestias earum consequuntur suscipit aut laborum.</p>', 'https://lorempixel.com/640/480/?60606', '2019-06-16 16:37:05', 2),
(16, 'Quis quo sed porro officiis deleniti consectetur et.', '<p>Vitae eum illo omnis. Earum est dignissimos et eos dolor. Aut excepturi tempore vitae laborum ipsa et./p><p>Ut voluptas neque tempora. Autem iusto sunt ut voluptatibus asperiores et. Suscipit vel tempora vero omnis. Distinctio aut ipsam autem culpa./p><p>Fuga ipsam est architecto. Dolorum fugiat et cupiditate quis temporibus vitae labore./p><p>Est ut qui est. Excepturi quidem harum rerum nam. Quia consequatur sit saepe commodi aut repudiandae ea./p><p>Rem corporis nam eius reprehenderit reiciendis praesentium nihil. Est repellendus adipisci autem praesentium ut adipisci magni eligendi. Officiis ipsa odio maiores unde.</p>', 'https://lorempixel.com/640/480/?54707', '2019-09-01 13:14:28', 2),
(17, 'Debitis expedita in nostrum ipsam assumenda saepe earum.', '<p>Assumenda quam incidunt maiores sapiente magnam voluptatum labore. Voluptates alias sequi magnam. Labore quaerat ratione consequatur asperiores. Et et eos voluptatem expedita nostrum debitis ut impedit./p><p>Consectetur reiciendis quia fugit optio eum sapiente qui et. Maiores aut consectetur voluptatem sapiente non est. Provident mollitia totam dolores voluptas ipsum minus. Qui excepturi minima sint reprehenderit culpa sit./p><p>Dolorem aut quia neque. Ipsa voluptatem omnis labore aut ratione et. Quis eos eius amet eius at velit. Reiciendis aut quae eaque ut./p><p>Numquam enim laboriosam vel reiciendis consequatur quo. Id recusandae velit officiis minus quasi. Voluptatem ut vero voluptatibus aut. Sapiente et asperiores est molestiae qui nobis./p><p>Saepe laboriosam est aliquam quia voluptatum voluptatem qui. Dolore beatae perspiciatis quia repellendus dolorem quam. Ut officiis eos ullam sed eveniet unde et.</p>', 'https://lorempixel.com/640/480/?19343', '2019-07-16 18:41:20', 2),
(18, 'Fugit molestiae enim aut et et.', '<p>Omnis ducimus et consequatur modi et recusandae numquam. Sit autem veritatis et vero. Et quos enim consequatur ipsa. Itaque omnis quam omnis distinctio./p><p>Quas quia harum iusto distinctio placeat nihil. Reiciendis enim repudiandae iusto vero sapiente et inventore. Delectus vero inventore quia./p><p>Placeat deserunt architecto adipisci molestiae recusandae animi deserunt. Corporis doloremque maxime asperiores dolores rerum vitae. Neque rerum error vel pariatur. Non totam qui est adipisci iste. Deleniti commodi quis pariatur qui delectus doloremque ea./p><p>Fugiat quam aspernatur distinctio hic vel aperiam. Officiis amet accusamus quia sit. Sequi praesentium rem odit aliquam et et. Ut maiores quia quas tenetur./p><p>Aut voluptatum in aspernatur inventore dolorum. Beatae recusandae vero aut officia dicta enim enim. Voluptatem dolor explicabo esse quibusdam et impedit quae nihil.</p>', 'https://lorempixel.com/640/480/?33546', '2019-11-07 20:14:41', 2),
(19, 'Voluptate unde quia nesciunt quisquam.', '<p>Saepe fuga nesciunt voluptas sequi molestiae accusantium deleniti. Autem consectetur cupiditate doloribus. Iste ipsa est quas maxime expedita./p><p>Officia at amet tempora et aut nesciunt blanditiis. Totam sit consectetur quibusdam mollitia. Dicta officia est quas nobis facere recusandae./p><p>Adipisci dolor quia dolorum nemo ut dolorem. Perspiciatis fugit eius qui. Est accusamus veritatis ut voluptatem cum aspernatur omnis. Quidem ut id dolorem aut./p><p>Voluptatum qui at quia voluptatibus at et quis. Sit consequatur sit dolorem voluptate et ut occaecati. Et velit ut sed eum est maxime./p><p>Ratione maxime quasi sit tempora. Quo ipsam ad error perspiciatis enim voluptatem. Rerum iure accusantium assumenda.</p>', 'https://lorempixel.com/640/480/?81877', '2019-09-19 19:54:19', 2),
(20, 'Aliquid sit quis eos voluptate et fugit cum.', '<p>Id impedit ipsam consequuntur ipsa odio quod. Temporibus sunt quo ea ipsa suscipit. Excepturi id impedit cupiditate suscipit eaque./p><p>Eos labore reiciendis enim distinctio totam et doloremque. Ad perspiciatis quos ab enim excepturi sed. Adipisci harum qui debitis. Adipisci quo qui sed incidunt eaque necessitatibus./p><p>Vel fugiat accusantium quo quia tenetur. Sed non ab perspiciatis exercitationem debitis quidem. Rerum eligendi occaecati autem nulla. Molestias consequatur molestiae officiis in consequatur et. Et voluptatem dicta expedita pariatur velit dolorum voluptatem./p><p>Est ratione quae possimus fuga rerum. Nulla et ducimus et ea. Aut quis perferendis inventore libero./p><p>Sit qui tempora ducimus atque iusto porro quas. Consequatur doloremque earum minus iste vitae. Dolorem et dolorem et sint.</p>', 'https://lorempixel.com/640/480/?70016', '2019-11-03 19:27:23', 2),
(21, 'Harum labore ut pariatur quas voluptas at quibusdam.', '<p>Alias nihil ipsa sunt rem et nostrum quia. Rerum blanditiis itaque officia corporis quo neque. Sint numquam dolore eaque sint corrupti esse suscipit. Quas est necessitatibus et rerum dolor culpa./p><p>Consequatur voluptates voluptatem eos assumenda doloribus. Molestiae non animi cumque sapiente facere provident qui. Quas impedit autem nulla. Quo nobis recusandae et et./p><p>Laborum molestiae aut nihil qui. Itaque dolores architecto quis. Pariatur deserunt aut atque corporis./p><p>Iure est consequuntur quas eaque dolores et. Odit rerum itaque rerum natus provident sint. Rerum voluptatem atque iusto quis corporis consequuntur./p><p>Dolor voluptates qui et molestias. Laboriosam porro eum totam aliquam et provident in ut. Et earum expedita eaque recusandae aperiam alias eaque. Quis vel sapiente id hic cum.</p>', 'https://lorempixel.com/640/480/?10212', '2019-11-01 15:43:01', 3),
(22, 'Voluptatem culpa iusto libero quia voluptate maiores.', '<p>Sed id voluptas maiores nisi laudantium. Quae et velit et et./p><p>Velit delectus sequi dolor nemo. Aut nisi sint quia numquam et et facere atque. Excepturi dicta alias cupiditate quia./p><p>Aliquam esse eius quae dolorum. Ipsam voluptate est dicta et. Suscipit in nulla accusantium ratione. Labore ut quos odit velit ad voluptatem nostrum./p><p>Natus tempore distinctio aut ea minima illum. Voluptatem eos reiciendis facere earum. Veniam provident et rerum voluptas consequuntur et dolores. Assumenda unde amet distinctio qui. Ullam perferendis sunt aut ut error sed aperiam./p><p>Perferendis et iusto sunt quis. Itaque quo et sed in dolore voluptatem. Deserunt ex minus ut recusandae voluptate similique excepturi.</p>', 'https://lorempixel.com/640/480/?31757', '2019-08-29 14:44:49', 3),
(23, 'Animi rem voluptatem nisi dolorum totam culpa.', '<p>Deserunt eius laborum magni sed id ipsam. Alias illum est enim velit vero voluptatem./p><p>Delectus eos at et veniam et libero vel. Voluptates iure officia non et qui. Fuga neque molestias consectetur velit./p><p>Dolorum ut ut dolorem quibusdam. Dolorem qui dolorem aut soluta ullam autem rerum rem. Dolor vitae nihil suscipit illo aut./p><p>Qui illo repellat reiciendis ut et corporis qui. Blanditiis culpa ullam vero esse sed. Minus vero qui nam iste enim praesentium repudiandae. Aut ratione sit qui et vero voluptatibus illum./p><p>Eligendi et et hic vel dolor ducimus. Alias sed non vel error non est quasi. Facilis vitae ut consectetur. Enim sint quis blanditiis et laborum tempore eveniet.</p>', 'https://lorempixel.com/640/480/?84251', '2019-08-31 21:46:59', 3),
(24, 'Facilis aut repellat quia et eius pariatur eos.', '<p>Magni at cum excepturi ducimus iusto a dolores. Dolores et cum vel dolores. In cumque repellat ex sit culpa sequi provident./p><p>Illum quo et alias voluptas magni pariatur repellendus. Vel voluptas blanditiis qui dolores occaecati et. Et est sit officia sunt quia qui tempore eligendi. Et odit necessitatibus ut sed placeat et nesciunt quis./p><p>Aut aliquid ratione et debitis vel cumque quia iure. Fuga consequuntur ab neque vel esse aspernatur id dolor. Reprehenderit ipsum deleniti deleniti quas. Rerum omnis totam dolor dolores aliquid dicta est iusto./p><p>Rem id ipsam distinctio et libero itaque. Sunt expedita repudiandae quo sapiente ullam. Voluptas totam neque aspernatur./p><p>Aut doloremque autem dolorem reiciendis tempora aut. Vitae consequatur quidem sed voluptas consectetur. Ipsa voluptate modi consectetur rerum cupiditate. Qui voluptas commodi id unde quibusdam.</p>', 'https://lorempixel.com/640/480/?13492', '2019-09-30 07:42:48', 3),
(25, 'Porro vitae quaerat consequatur.', '<p>Ex suscipit aliquam rem repellendus id magni. Laboriosam et ipsa minus magni aut. Corporis ea dolor et est deleniti ipsum quo. Nihil omnis ab nulla rerum velit repellat ipsam. Labore quis dolore aut eos temporibus quibusdam enim nisi./p><p>Error consequatur dignissimos exercitationem excepturi consectetur iusto. Aut earum molestiae nihil eveniet sed omnis non. Repellat saepe dolores omnis similique. Exercitationem sed accusantium laboriosam quia ut dolore non architecto./p><p>Impedit cupiditate quidem aliquam harum ut. Itaque est et nesciunt tempore optio recusandae voluptate. Maxime et ut tempora sint quasi expedita aut. Sed voluptatem aut voluptate ut facilis doloribus./p><p>Similique rem blanditiis sapiente labore quod. Doloribus ad ratione neque incidunt quia suscipit enim. Corrupti eum laboriosam ex non minima dolorum./p><p>Sed ullam vel alias ea dolores quae. Nulla sunt occaecati earum non et alias. Ea rerum unde architecto laudantium veritatis non earum esse.</p>', 'https://lorempixel.com/640/480/?42234', '2019-11-03 14:31:15', 3),
(26, 'Aspernatur error iure commodi sed dolorum.', '<p>Id molestiae quidem sapiente recusandae voluptatibus veritatis atque. Eligendi porro corporis tempora sequi. Voluptatem distinctio laborum et. Fugit tenetur eius earum./p><p>In cumque libero repudiandae placeat aperiam fugiat. Modi aut velit vel doloremque ratione autem. Sint ipsum soluta ullam optio officiis repudiandae iusto./p><p>Omnis maiores provident quia. Sint est nam et molestiae et omnis consequatur. Doloribus reprehenderit molestiae aut omnis autem expedita tenetur./p><p>Voluptates sint dolores reprehenderit. Illum autem aut rerum in ex. Blanditiis dolore sit quaerat provident et. Quo tempora veritatis minus officia cum vero./p><p>Tempora culpa ea magni qui quia. Laudantium porro rerum debitis consequatur voluptatem. Nulla est et est aliquid praesentium tempore omnis. Ipsa omnis voluptatem quia velit.</p>', 'https://lorempixel.com/640/480/?86521', '2019-09-08 03:23:47', 3),
(27, 'Magni aliquam eveniet vero occaecati.', '<p>Autem quo sint voluptatem consequuntur et eos consequatur nostrum. Eum ut aut officia facere quis et recusandae. Nam ad fuga dolor hic aliquid. Quo optio quibusdam autem ut velit dolorem./p><p>Dolorem fugiat deserunt reprehenderit quia eum qui. Voluptatum quia omnis fugit harum eligendi. Et ut unde ea ut nisi doloremque dignissimos./p><p>Voluptatum eveniet nam accusantium ut. Cumque dolores et id atque est voluptatem similique. Consequuntur non sint ipsa aut dolorum consequuntur. Placeat ut consequatur consequatur et praesentium./p><p>Earum dignissimos assumenda corrupti non sunt in. Explicabo iste ea voluptatem distinctio. Corporis iste nesciunt nisi voluptatem voluptatum./p><p>Soluta minima nihil dolores non facilis in. Accusantium voluptas neque vitae nobis. Quis quisquam voluptate est consequatur.</p>', 'https://lorempixel.com/640/480/?10127', '2019-07-24 09:31:54', 3),
(28, 'Qui minima quisquam non est.', '<p>Nemo dicta harum quo delectus. Deleniti ratione aperiam eius distinctio. Aspernatur eaque reiciendis harum unde minus impedit eos voluptates. Ab dolorem sunt harum laudantium soluta eligendi ex unde./p><p>Hic et esse tempora eos illum. Magnam earum sed vitae. Quo nihil voluptas ab vitae voluptas. Animi deleniti suscipit necessitatibus aut consectetur pariatur./p><p>Aut nihil porro praesentium quisquam vel. Deleniti impedit eius facere vero non quae. Dolorem et reprehenderit in quod soluta non. Provident sunt accusamus at architecto./p><p>Consequatur itaque saepe enim alias. Officiis dolore voluptas nesciunt autem quasi. Ullam id veniam temporibus cupiditate molestiae at amet./p><p>Et numquam facere omnis officiis harum. Qui iure sequi sequi id.</p>', 'https://lorempixel.com/640/480/?70382', '2019-07-21 04:12:17', 3),
(29, 'Ab deserunt quisquam error quia aliquam.', '<p>Dolorum adipisci sunt consectetur aliquam quod. Aut eveniet eum qui perspiciatis sit qui./p><p>Et quia vel corporis est consequatur tempora facere. Iusto ut aut est occaecati velit sunt mollitia. Est exercitationem illum aliquid temporibus similique qui consequatur./p><p>Dolore sint repudiandae dolorum voluptas deserunt. Occaecati minus sint architecto. Exercitationem sit voluptas omnis consequuntur consectetur vel nemo. Et praesentium a maxime ut impedit ut sapiente mollitia./p><p>Fugit magni perspiciatis in impedit qui fugit. Nemo qui hic debitis non id. Vitae laudantium et dolor facere magni cupiditate ipsa./p><p>Harum explicabo quia eos iure voluptas. Cupiditate quia quia facilis non.</p>', 'https://lorempixel.com/640/480/?46790', '2019-05-20 06:26:51', 3),
(30, 'Praesentium accusantium iure a consequatur voluptates laudantium.', '<p>Et impedit eligendi sint. Occaecati qui repellendus voluptas sint eos ipsum./p><p>Tenetur et aut explicabo voluptatem nihil nihil non. Consectetur voluptatem fuga aut tenetur. Quisquam modi minima sit velit omnis atque. Maiores dolorem ut exercitationem qui tempora beatae./p><p>Odio sequi numquam in vero aut. Voluptatem sint aperiam est. Quia ipsum et deleniti possimus voluptatem./p><p>Qui nemo cupiditate officiis reiciendis pariatur. Nemo quidem error ad non est. Officiis et id est consequatur expedita et./p><p>Culpa minima molestiae eveniet eligendi libero qui. Quo saepe earum explicabo numquam excepturi enim et. Laborum veritatis excepturi aperiam molestiae.</p>', 'https://lorempixel.com/640/480/?99359', '2019-10-31 13:25:31', 3),
(31, 'Test de creation d\'article', 'Test a la con', 'http://placehold.it/350x150', '2019-11-15 16:28:23', 3);

-- --------------------------------------------------------

--
-- Structure de la table `category`
--

CREATE TABLE `category` (
  `id` int(11) NOT NULL,
  `title` varchar(255) COLLATE utf8mb4_unicode_ci NOT NULL,
  `description` longtext COLLATE utf8mb4_unicode_ci NOT NULL
) ENGINE=InnoDB DEFAULT CHARSET=utf8mb4 COLLATE=utf8mb4_unicode_ci;

--
-- Contenu de la table `category`
--

INSERT INTO `category` (`id`, `title`, `description`) VALUES
(1, 'Assumenda optio et qui quia.', 'Ut modi quia ut temporibus. Et et cumque omnis sequi odio. Vel voluptates id adipisci. Reprehenderit exercitationem aspernatur voluptas asperiores itaque et consequatur illum.'),
(2, 'Molestiae neque est qui ea.', 'Nostrum repudiandae et voluptatum nobis non quia. Nisi assumenda qui quis cupiditate cum. Tempora commodi impedit optio doloribus dolores rerum.'),
(3, 'Et atque aut voluptas alias sit dolore nostrum.', 'Esse non vel et modi inventore. Aut et quia odio et esse deserunt aut. Et praesentium ab laudantium vitae. Est est tempora consectetur blanditiis aut.');

-- --------------------------------------------------------

--
-- Structure de la table `comment`
--

CREATE TABLE `comment` (
  `id` int(11) NOT NULL,
  `article_id` int(11) NOT NULL,
  `author` varchar(255) COLLATE utf8mb4_unicode_ci NOT NULL,
  `content` longtext COLLATE utf8mb4_unicode_ci NOT NULL,
  `created_at` datetime NOT NULL
) ENGINE=InnoDB DEFAULT CHARSET=utf8mb4 COLLATE=utf8mb4_unicode_ci;

--
-- Contenu de la table `comment`
--

INSERT INTO `comment` (`id`, `article_id`, `author`, `content`, `created_at`) VALUES
(1, 1, 'Zacharie Guibert', '<p>Tenetur optio in excepturi et. Ullam amet asperiores enim tempora deleniti tempore et. Soluta nostrum consequuntur laborum ea enim non tempore. Voluptas impedit sed et iusto aut nisi voluptatem./p><p>Voluptate minus ducimus voluptas quidem non. Vero ea exercitationem impedit vitae est pariatur. Et architecto architecto eligendi praesentium aut quis iure. Qui ratione perferendis rerum.</p>', '2019-11-05 22:51:53'),
(2, 1, 'Julien de la Renaud', '<p>Sint maiores velit cumque dolorum ut aperiam. Nobis alias voluptate suscipit placeat cum consequatur placeat ratione. Voluptas rerum nulla soluta./p><p>Nisi et mollitia autem nesciunt. Architecto molestiae aut est voluptatibus saepe. Nulla illo non ut cumque.</p>', '2019-10-31 05:10:59'),
(3, 1, 'Charlotte Nguyen', '<p>Magnam illum incidunt est. Hic sed expedita consequuntur quis rerum earum. Vel corporis velit nobis reprehenderit accusantium. Voluptatem sequi suscipit quaerat tenetur hic adipisci./p><p>Ut sed consequatur deleniti. Nulla non rerum laudantium dolorem recusandae enim iste. Excepturi placeat voluptatem aut neque. Laborum unde laborum accusamus in est.</p>', '2019-11-01 12:11:54'),
(4, 1, 'Auguste-Emmanuel Tessier', '<p>Ipsum aut maiores nesciunt dolor provident. Voluptatem vero fugiat voluptatibus magnam voluptatem. Voluptates odit aperiam dolore quisquam ut./p><p>A esse nesciunt ut nemo. Quia consequuntur at aspernatur est molestias. Molestias et labore nam quisquam. Dolores reprehenderit amet qui qui quos.</p>', '2019-11-11 01:02:10'),
(5, 1, 'Édouard Legrand-Fontaine', '<p>Sed porro odit est nihil omnis aut. Porro consequatur tempore dolorem omnis aut molestiae architecto. Odio autem consequatur atque. Consequatur a dicta quod architecto rem aut./p><p>Eius id amet et labore qui. Est et iste dolorem qui magnam iure earum. Sit dolorum omnis eum exercitationem. Nam dolor sunt beatae incidunt. Et eligendi in dolor labore amet consequatur accusamus.</p>', '2019-10-27 18:22:12'),
(6, 1, 'Laurence Blanc', '<p>Quaerat repudiandae eius tenetur aliquam. Et perspiciatis error corporis blanditiis reprehenderit eum ut. Animi dolores error earum laborum atque. Veniam est tempore labore ut optio et sed./p><p>Nihil adipisci ea facilis alias molestiae maiores odit. Quos deleniti cum aut cupiditate laudantium. Dicta nesciunt repudiandae error quae. Aut atque id in quo numquam qui nihil.</p>', '2019-10-13 06:51:25'),
(7, 1, 'Roger de la Thomas', '<p>Impedit sed laboriosam qui aut adipisci. Id voluptas accusantium quas culpa et perferendis labore. Quam nihil est exercitationem commodi eum. Fugiat necessitatibus incidunt omnis quam deleniti architecto./p><p>Ut repellendus sit est error dolor ad. Est consectetur corrupti magnam neque asperiores qui. Recusandae corporis necessitatibus maxime qui explicabo illo enim. Harum consequatur autem ab esse vel fugiat at.</p>', '2019-10-16 12:02:12'),
(8, 2, 'Anne Monnier', '<p>Enim sapiente officia quae. Voluptas sed qui dolorem minus. Iste officia eos eos deserunt consequuntur velit voluptatibus repellendus./p><p>Facere autem aut magni pariatur ipsum laboriosam ut. Est nobis explicabo iusto. Dignissimos ullam facere harum. Consequatur molestias necessitatibus modi.</p>', '2019-11-13 13:00:02'),
(9, 2, 'Sabine Fournier', '<p>Ipsum eius velit ut optio necessitatibus. Fugiat repudiandae quasi non error qui quibusdam. Provident in voluptatem et accusamus et error beatae consequatur./p><p>Porro quam sunt aliquid enim officiis in delectus. Qui placeat est eos qui cupiditate ut. Officia id sequi blanditiis adipisci cumque sint.</p>', '2019-11-12 20:02:57'),
(10, 2, 'Suzanne Henry', '<p>Nemo asperiores dolores consequatur quas. Omnis expedita excepturi at eius nisi qui. Reiciendis qui fugit aut mollitia quae laborum. Quis officiis laborum dignissimos accusantium temporibus rerum reprehenderit. Repellat aliquid ut cupiditate mollitia./p><p>Odit quaerat ut saepe et. Omnis rerum itaque qui consectetur recusandae. Qui ex molestiae commodi natus voluptatum.</p>', '2019-11-14 01:53:08'),
(11, 2, 'Matthieu Teixeira', '<p>In officiis sit earum molestiae. Perferendis corporis enim enim sint animi. Nihil mollitia adipisci ad odit nihil. Asperiores quia rerum similique et iure possimus aut./p><p>Aliquid dolorem consectetur ipsam. Provident aut a earum est fuga exercitationem. Eligendi eaque dolor excepturi eveniet quo sit. Sequi non quaerat voluptates accusamus optio.</p>', '2019-11-14 19:16:25'),
(12, 2, 'Thibaut Masse', '<p>Consequuntur esse quasi repellat iusto totam consectetur. Ut consectetur consequatur quaerat dolore earum aperiam voluptate. Autem non pariatur voluptatem veritatis laborum neque consequatur./p><p>Labore vitae et qui id fugit saepe sint non. Nostrum nesciunt id rerum omnis et quis optio. Et tempore aliquid eum. Quia ipsam pariatur sint aut voluptates sequi.</p>', '2019-11-14 03:41:59'),
(13, 3, 'Claudine Rodrigues-Philippe', '<p>Voluptatibus voluptas officia eius quia. Id quae quod voluptatem assumenda officiis cumque est. Architecto dignissimos voluptatum explicabo numquam nobis omnis ducimus praesentium. Pariatur possimus facere ut quod est dolorem./p><p>Tempore quo reiciendis officiis non maxime earum enim. Quod quae autem similique. Est in provident sunt itaque sapiente rerum consequatur ut. Sed eos maiores nobis eaque minus consectetur nisi.</p>', '2019-08-12 19:47:45'),
(14, 3, 'Charlotte Carpentier', '<p>Aperiam illum voluptates consequuntur nesciunt velit. Aut incidunt accusamus et tempora architecto tempora. Sint error provident adipisci repellendus esse./p><p>Tempora distinctio culpa odio autem molestiae facilis. Iure ut eum cumque. Recusandae rerum velit ratione officiis adipisci culpa voluptatem. Nihil voluptas sunt in omnis a.</p>', '2019-08-13 12:47:49'),
(15, 3, 'Dominique du Coste', '<p>Qui est dicta consectetur eum aut. Nihil quasi hic deleniti tenetur labore harum veritatis. Et delectus consequuntur quis modi consectetur quasi laudantium. Sint exercitationem sint maxime quibusdam./p><p>Corporis aut sunt veritatis animi. Blanditiis quia modi qui perferendis voluptatem. Molestiae numquam voluptatem soluta amet error voluptatem. Et voluptates neque autem deleniti libero dolorum quisquam. Odio reprehenderit consectetur doloremque.</p>', '2019-09-06 17:10:25'),
(16, 3, 'Jacqueline Gauthier', '<p>Dolores ea nobis sequi sed quasi et. Perspiciatis et et tempore dolores. Alias est voluptatem ex pariatur. Eligendi qui dolorum atque libero voluptas./p><p>Aut aut rerum sunt aliquam optio et. Deserunt delectus earum molestias exercitationem id perspiciatis facere. Voluptate tempore voluptates est accusamus.</p>', '2019-10-13 20:59:02'),
(17, 3, 'Vincent Michaud', '<p>Laborum dolorum quam voluptatem voluptate modi nisi ratione. Alias fuga qui ipsam ratione non cupiditate amet. Dolore quaerat qui non porro inventore. Asperiores qui id praesentium quasi nulla voluptas dolor./p><p>Architecto laborum ipsa officiis beatae dolores. Nihil explicabo velit deleniti provident eos. Fugiat non est maiores cupiditate est quas.</p>', '2019-08-14 07:20:39'),
(18, 4, 'Gilbert Gay', '<p>Reiciendis aut possimus odit recusandae omnis et quos velit. Omnis architecto saepe et voluptates in cumque nihil. Optio quia non cupiditate natus. Ut reiciendis atque amet sunt delectus./p><p>Ab et placeat sequi rerum. Asperiores eos aut consequatur quasi. Praesentium expedita reprehenderit nobis nesciunt aliquid asperiores.</p>', '2019-10-24 10:51:32'),
(19, 4, 'Daniel Schneider', '<p>Ut et eum eveniet perferendis sapiente quaerat blanditiis. Facere dolorem temporibus ipsam voluptatem consectetur hic et. Ut consectetur repellendus aut./p><p>Nihil tempora nam quia numquam voluptatem quam. Est ad quam sunt quibusdam tenetur amet voluptates. Est officia consectetur accusantium.</p>', '2019-10-26 10:41:12'),
(20, 4, 'Clémence Legrand', '<p>Repellat ut ducimus velit. Consequatur sed nulla nesciunt sunt sint eaque aut. Libero ullam sit ad cupiditate. Est est rerum omnis porro./p><p>Asperiores voluptatem sint debitis voluptas. Nihil consectetur omnis voluptas amet dolor. Sed aut alias sunt quisquam tenetur eum fugiat. Dolor non omnis dolorum et voluptas.</p>', '2019-10-27 02:09:16'),
(21, 4, 'Jacques Rocher', '<p>Vero dicta dolorem itaque rerum. Dolores sit ut iste nostrum quam quos et./p><p>Odit libero deserunt molestiae illum repellendus. Soluta numquam voluptatem labore inventore suscipit. Et ducimus ut eum corrupti fugiat.</p>', '2019-11-03 09:22:06'),
(22, 4, 'Sébastien de Vallet', '<p>Adipisci necessitatibus sed rerum. Soluta quasi et sed adipisci vel. Nesciunt aut hic optio atque. Autem ut deleniti a non tempora dolorum cupiditate voluptate./p><p>Omnis minus fuga eligendi quasi. Assumenda nam reprehenderit nesciunt aperiam sit fuga.</p>', '2019-10-25 16:21:49'),
(23, 4, 'Agathe Herve-Henry', '<p>Ad eum tempora quaerat illo. Natus in nihil quibusdam consequuntur dolores culpa veritatis. Aut perferendis sed magni et voluptatum aut. Accusamus distinctio architecto facere laboriosam. Veritatis non quod rerum quaerat eaque numquam./p><p>Possimus sunt soluta recusandae dolorem atque laborum possimus. Itaque ea est incidunt vero in inventore sapiente.</p>', '2019-11-06 13:37:38'),
(24, 5, 'Michelle Bigot', '<p>Illo nemo ea id aspernatur dolor qui velit. Et minima voluptate voluptatem reprehenderit placeat error hic. Eum qui cumque ducimus non dolor ducimus aut./p><p>Deserunt vel nobis error aut corrupti molestiae. Voluptates eius ut qui nisi minus omnis delectus optio. Rerum et est velit autem molestiae eum ut enim. Accusantium consequuntur sequi vel ullam eum.</p>', '2019-11-12 17:23:56'),
(25, 5, 'Gilles Muller', '<p>Voluptatem adipisci ut sed voluptas qui ullam libero. Corporis voluptas dolore aut ducimus incidunt ex. Laborum repellat iste fuga aut a aut enim. Quas magni sapiente recusandae dolorum adipisci illo et./p><p>Libero culpa eius fugit dicta corrupti eos. Eum nisi sint quia. Exercitationem laboriosam ipsum aut odio consequatur officiis.</p>', '2019-09-03 15:36:35'),
(26, 5, 'Thibaut Clerc', '<p>Rerum incidunt animi esse sunt et consequatur fugiat nulla. Non laboriosam assumenda dolor inventore officiis. Blanditiis provident placeat magni recusandae./p><p>Sequi quod soluta non deleniti dolore officiis dolorum. Est aut rerum ipsam suscipit. Voluptatibus consectetur modi magnam omnis necessitatibus eius. Quidem assumenda soluta recusandae quae odit.</p>', '2019-11-04 01:15:12'),
(27, 5, 'Christophe-Michel Breton', '<p>Ut qui in est itaque iste saepe. Qui repellendus in praesentium non. Sit possimus pariatur beatae vel aut dolorem. Praesentium non voluptas ex tempore ea sunt./p><p>Ut rerum dicta in inventore nobis id. Molestiae minima quos beatae perferendis. Minus quas dolores ducimus accusantium.</p>', '2019-11-03 11:49:00'),
(28, 5, 'André Delorme', '<p>Accusamus eos recusandae ut cumque voluptatem. Ea enim eius aliquid ad et rem./p><p>Minima et similique id quasi possimus. Molestias odio qui enim qui consequuntur. Natus adipisci aliquid ducimus earum consequatur neque officiis. Dolor rerum quia animi est delectus.</p>', '2019-11-11 19:15:15'),
(29, 6, 'Guy-Vincent Chevallier', '<p>Officiis dolores quisquam aut perferendis amet animi tenetur minus. Aspernatur non odio voluptatem ipsam repellendus. Sit sed hic velit repellendus iusto et et. Voluptatum dolores veritatis et nemo magni. Facere commodi incidunt esse corporis fugit et./p><p>Aliquid ea natus sint quia repellendus occaecati. Natus est ipsum quas fugiat aut quia ipsam qui.</p>', '2019-11-15 13:38:29'),
(30, 6, 'Marie Blanchet', '<p>Officiis ex est veniam qui. Ullam aperiam eveniet quas. Temporibus eum et consequatur explicabo aut explicabo molestiae./p><p>Rem sint qui architecto voluptas. Doloribus enim repellat consequuntur. Et error voluptas officiis esse veniam.</p>', '2019-11-15 13:38:29'),
(31, 6, 'Adèle Duval', '<p>Deleniti libero aut eligendi quis velit. Illo tempore velit sit inventore ipsam. Nihil possimus sunt iure quam aut aut adipisci fugit./p><p>Et repellendus voluptatum voluptatem illo corrupti. Earum tenetur animi assumenda sequi. Quae nihil dolore quo aut doloribus soluta. Nostrum rem nobis ullam sed.</p>', '2019-11-15 13:38:29'),
(32, 6, 'Étienne Pereira', '<p>Qui a quos eius quod voluptatem fuga consequuntur aliquam. Inventore quasi sint nihil aut. Accusantium velit repellat accusantium eius./p><p>Facilis ea ut qui dignissimos provident. Laboriosam temporibus sunt voluptas odio. Quod velit veniam beatae quod nesciunt. Quas iusto perspiciatis vitae at reiciendis rem.</p>', '2019-11-15 13:38:29'),
(33, 6, 'Robert Dupont', '<p>Commodi velit non qui velit repellat voluptas eos. Nemo non laboriosam ut excepturi. Nulla quia dolor odio officiis eum aut consequatur accusamus. Illo ducimus dolorem ut magni./p><p>Aut ut velit enim eum molestias. Labore quam accusantium vero qui sed nulla sit. Ipsa incidunt assumenda vel quisquam libero non.</p>', '2019-11-15 13:38:29'),
(34, 6, 'Philippe Giraud', '<p>Iusto a ab soluta et voluptas doloribus quae. Similique esse molestiae iusto ullam dolor./p><p>Fugiat quod qui sapiente dicta nostrum quisquam. Facere eum perspiciatis voluptas magnam ea est. Autem voluptatem voluptas et voluptas voluptas. Optio at aliquam quia accusantium fugiat aut adipisci praesentium.</p>', '2019-11-15 13:38:29'),
(35, 6, 'Nicole Blanc', '<p>Sit quia et ex commodi labore sit. Maiores et eligendi quidem qui tempora voluptatem. Est suscipit et error deserunt quisquam eos. Sapiente facere eaque qui in./p><p>Quis error aut odio et tenetur sed. Officiis assumenda quasi magni. Ipsum illo sed ut officia. Id maiores similique eos deserunt hic. Quisquam a sint corrupti distinctio.</p>', '2019-11-15 13:38:29'),
(36, 7, 'Noël-André Bonneau', '<p>Molestiae fuga aut molestiae facere. Totam perferendis quo id autem adipisci. Facere repellat consectetur alias nulla voluptatem./p><p>Aut et aliquid sequi. Numquam est placeat atque molestias reprehenderit voluptates. Voluptatem inventore ut aspernatur voluptatem veritatis qui et aperiam.</p>', '2019-09-02 16:20:41'),
(37, 7, 'Martin Faure', '<p>Sint voluptatibus nulla praesentium voluptatem. Suscipit eum ut iure hic possimus odit./p><p>Aut est eligendi perferendis eos. Odit tenetur velit corrupti adipisci. Earum sapiente voluptatem quo voluptas quo.</p>', '2019-07-17 01:44:46'),
(38, 7, 'Danielle Lenoir', '<p>Id explicabo enim corporis dolorem. Ipsam exercitationem explicabo sunt dolorem nostrum officia. Ipsam nihil aut dolores et aliquam et expedita alias. Dicta accusamus sapiente fuga neque. Iusto quaerat magni illum illum officiis recusandae./p><p>Dolor aut et quidem laborum quam vel repudiandae. Architecto expedita dolore dignissimos voluptatibus molestiae est temporibus. Et nulla et sint in sit.</p>', '2019-11-11 19:38:35'),
(39, 7, 'Aimé-Alain Gilles', '<p>Sint veniam occaecati saepe mollitia aliquid expedita eius quo. Est doloribus sapiente optio veniam saepe sunt. Voluptatem error provident nam dignissimos. Doloremque voluptas cupiditate eaque delectus./p><p>Omnis vero fugit quisquam eos quibusdam. Atque nostrum eum et aliquam asperiores. Aliquam accusamus blanditiis pariatur autem sint non magnam. Aliquam aut maiores voluptate architecto omnis voluptatem et.</p>', '2019-11-05 22:09:36'),
(40, 7, 'Alphonse Lecomte', '<p>Consequatur incidunt perspiciatis voluptatem impedit laudantium. Sit eveniet saepe autem nemo et repellat adipisci. Maiores voluptatem ipsam qui maxime./p><p>Eaque omnis dolores nesciunt. Nesciunt eos qui assumenda. Natus dolor nihil aspernatur quia non voluptatem. In ullam quo qui sint ipsam.</p>', '2019-06-19 16:57:04'),
(41, 7, 'Gilles Fouquet-Lemaire', '<p>Quo perspiciatis atque illo voluptatem aliquid qui. Eum aut debitis sed dolorem dolorem rem qui. Incidunt repellendus sapiente architecto harum voluptate. Suscipit sunt atque omnis et dolores inventore deserunt./p><p>Ut eligendi qui qui vitae quia nisi. Optio fugiat aut excepturi excepturi rem occaecati pariatur. Deserunt rem eum aut qui omnis laborum.</p>', '2019-10-12 05:22:23'),
(42, 7, 'Noël Perret', '<p>Similique nisi est unde ab quae sequi. Quam accusantium voluptatem quia architecto. Repudiandae sunt recusandae aut et./p><p>Consectetur aliquid qui suscipit iusto enim. Ut perferendis nihil aut dolore mollitia minima. Distinctio omnis delectus totam sunt.</p>', '2019-11-03 00:01:14'),
(43, 7, 'Tristan Nicolas', '<p>Nisi aut a aut fuga totam. Commodi aspernatur sed alias modi. Facilis inventore rem repudiandae qui aut saepe natus./p><p>Dicta ut dolore ut tempora. Architecto doloribus dignissimos ut iusto aut. Consequatur a fugit officia commodi temporibus impedit quisquam soluta.</p>', '2019-08-24 23:36:23'),
(44, 7, 'Sébastien Hebert', '<p>Soluta non mollitia sint aut sunt. Labore quia asperiores et veritatis inventore expedita ea et. Nobis vel facilis hic et natus qui. Distinctio quidem ipsum aut est./p><p>Nihil harum nobis voluptatem dolorum voluptatem minus. Ab sapiente nihil a amet ipsum. Velit enim et culpa exercitationem reiciendis minus reiciendis.</p>', '2019-10-07 01:03:09'),
(45, 8, 'Stéphane Samson', '<p>Dolorum et et rerum quam. Distinctio et doloribus commodi quo necessitatibus. Doloribus facilis velit quisquam sed. Adipisci fugiat saepe ex./p><p>Provident et dolores voluptatem tempora officiis sequi. Doloremque dolore nisi aut dignissimos.</p>', '2019-11-06 16:37:33'),
(46, 8, 'Isaac Guibert', '<p>Rerum eius a quia ut sit iste. Amet rerum quaerat laborum voluptatum. Debitis tenetur voluptatem quis error debitis quibusdam. Maxime enim et optio quia magnam quam aut. Id reprehenderit repellat reiciendis esse sit./p><p>Sunt quod dolore perspiciatis tempore consequatur. Voluptatum fugit voluptates nemo nihil. Eaque porro nulla porro esse consequatur et maxime eos. Ratione alias laudantium expedita ipsam.</p>', '2019-09-17 23:07:21'),
(47, 8, 'Célina Cordier', '<p>Cum non deleniti dolorem ex. Perferendis vitae aut nesciunt natus distinctio. Amet et quod aliquam iure./p><p>Quisquam exercitationem labore deserunt eum amet magnam. Ut voluptatem occaecati sit quos inventore. Dolorem delectus accusamus est dolores deleniti sit. Eligendi ut rerum eos quae numquam at ratione.</p>', '2019-09-16 18:23:49'),
(48, 8, 'Gilles Tanguy', '<p>Fuga inventore et veniam ex cumque consequatur iste. Qui dolores non ut modi./p><p>Quasi iusto et voluptatum delectus suscipit et. Sit quia rem esse quia quam beatae aperiam. Veritatis rerum vel maiores consectetur expedita nihil. Nulla animi consequuntur esse maiores sunt voluptatem est.</p>', '2019-11-09 17:33:02'),
(49, 8, 'Célina-Gabrielle Lenoir', '<p>Sint quia modi qui et autem neque minima. Libero sunt tenetur sit quae sed repudiandae id. Vel sed cumque ratione possimus ut optio veritatis./p><p>Recusandae a atque aperiam reprehenderit perspiciatis vero. Sit ab doloremque aliquid aut id omnis.</p>', '2019-09-24 12:05:11'),
(50, 8, 'Christine Le Gaillard', '<p>Modi qui omnis quis quod eos et qui. Et animi cupiditate similique itaque aliquam facere. Culpa illo ipsam atque nobis nobis omnis./p><p>Architecto natus aliquid accusamus quae minus aperiam. Labore nostrum id nihil dolores quae aut illum.</p>', '2019-10-22 04:23:22'),
(51, 9, 'Jacques Pascal', '<p>Sunt repellat et cum dolor eveniet et voluptatem. Quis in quis esse./p><p>Qui consequuntur qui magni ab. Nobis ea rem aut qui qui nesciunt. Doloremque quia aut officiis est possimus.</p>', '2019-09-13 08:27:59'),
(52, 9, 'Hortense Le Laporte', '<p>Et nihil assumenda non doloremque. Perspiciatis voluptas nihil reiciendis tempore molestiae. Fugit officiis rerum id voluptate est quis voluptatum. Modi voluptatem id laboriosam ut placeat quos./p><p>Qui tempore labore et tenetur id. Repellat omnis commodi quidem et eaque quaerat consectetur quia. Quis ratione aut et exercitationem dolorem in suscipit.</p>', '2019-10-08 22:52:15'),
(53, 9, 'Marine Fournier', '<p>Nostrum est tempora necessitatibus distinctio hic. Doloribus deleniti laudantium distinctio eligendi. Optio ut voluptatem inventore aut et vitae quibusdam. Asperiores autem non sint qui./p><p>Sint fugit dolores quod accusantium error est. Laborum ex omnis optio et sit eum nihil. Earum quisquam ut et sit ea.</p>', '2019-09-24 17:06:50'),
(54, 9, 'Danielle Menard', '<p>Nostrum id atque iusto ab odit error. Enim consectetur blanditiis asperiores tempora. Libero exercitationem dolores qui. Facere modi qui porro excepturi. Esse qui ea minus./p><p>Aperiam aliquid a deleniti iste amet fugiat tempore. Debitis voluptatibus ex inventore voluptatem quo. Qui tempora error est reprehenderit. Odit perspiciatis nihil modi magnam ut amet hic.</p>', '2019-10-11 12:19:50'),
(55, 9, 'Pauline Jacques', '<p>Voluptas sunt quo expedita facere id illo. Possimus quam impedit quae harum possimus dolor voluptatem quaerat. Neque ad et illum laboriosam. Molestiae accusamus ut fuga voluptate a./p><p>Omnis quam odio velit. Consequuntur qui tempore optio totam nobis corrupti.</p>', '2019-10-07 14:48:32'),
(56, 9, 'Constance Lebreton', '<p>Minus est molestias nulla odio quia. Illum qui velit in ut possimus enim. Et eligendi sit delectus quis quam. Ab voluptas numquam officiis voluptas./p><p>Odio nesciunt sed molestiae sed minus adipisci reiciendis. Corrupti sapiente doloribus earum sapiente molestiae dolorem. Corporis architecto occaecati quo labore neque. Non dolores sequi atque mollitia doloribus a velit.</p>', '2019-09-24 05:24:50'),
(57, 10, 'Capucine de Pires', '<p>Est quis amet dolorum aut. Hic id voluptatem voluptatem nesciunt./p><p>Aliquam est optio aut reprehenderit omnis nihil autem vero. Voluptatum illum explicabo perspiciatis assumenda ab qui amet adipisci. Est dolorem omnis modi ipsam quas est nostrum iure.</p>', '2019-06-09 05:32:43'),
(58, 10, 'Grégoire Gaillard', '<p>Rerum dolor possimus voluptatem natus iusto. Qui amet voluptas voluptatem. Totam ratione consequatur rerum nostrum./p><p>Et deserunt sint illum et. Maiores omnis molestiae sunt quibusdam expedita. Aliquam ut nulla ipsam harum quod. Assumenda provident labore est sint et.</p>', '2019-10-19 04:28:52'),
(59, 10, 'Hugues-Sébastien Clement', '<p>Placeat qui enim quia accusantium aut. Incidunt et quibusdam maxime possimus. Harum voluptatem laudantium omnis sed consequatur./p><p>Ullam possimus perspiciatis voluptatibus fuga nam magni modi. Ut consequuntur fugiat aut fugit. Sint qui sed optio quia eius deleniti. Velit magni perspiciatis sint. Sunt atque ut et architecto doloremque voluptatem.</p>', '2019-08-10 18:18:45'),
(60, 10, 'Michèle Briand', '<p>Molestiae illum esse quia aliquid. Aperiam eum mollitia quia dolores quasi omnis. Officiis rerum et repellendus dignissimos sed incidunt sed./p><p>Amet adipisci fugit quidem. Ut iusto voluptatem fugiat impedit illum. Hic rerum et dolores qui. Quis sed sint explicabo deleniti.</p>', '2019-07-10 10:50:38'),
(61, 11, 'Alice Blondel', '<p>Enim ratione aut repellendus voluptatem aut. Maxime ullam nostrum incidunt nemo. Voluptatem dicta ut minima quo sed. Esse in et perferendis molestiae./p><p>Itaque voluptas et blanditiis quos praesentium aut. Perspiciatis tempora officiis velit non. Repudiandae et sint quam ea. Est ut et atque omnis est non.</p>', '2019-08-21 11:08:58'),
(62, 11, 'Aurore Berger', '<p>Amet incidunt sint nobis dolore hic aliquid. In nostrum voluptates doloribus ut tenetur error. Est sed magnam quibusdam commodi occaecati est. Nulla autem possimus molestiae iure quia quis./p><p>Delectus doloribus voluptate distinctio magnam. Laudantium a sed qui labore repellendus placeat laborum. Aliquam ullam est eum odio necessitatibus.</p>', '2019-10-28 09:14:53'),
(63, 11, 'Océane Pineau', '<p>Nulla dolorum aut dolorem. Corporis animi nihil reprehenderit reprehenderit. Enim et quo maxime id consequatur./p><p>Nostrum eum tempore in non dolor. Et laudantium ipsa quis ea harum. Est voluptatum aut qui reprehenderit reiciendis voluptas sint atque. Sed dolor ab laudantium dolor consectetur vel.</p>', '2019-09-04 11:56:08'),
(64, 11, 'Valentine de la Techer', '<p>Fuga distinctio veniam consequatur ducimus praesentium numquam blanditiis. Neque dolor temporibus officia. Aut natus quia ipsum nihil./p><p>Alias nemo ut debitis aspernatur repudiandae atque qui. Eaque inventore rem aut similique enim consequatur inventore. Cum dolor quasi quasi iusto minima.</p>', '2019-11-11 16:45:45'),
(65, 11, 'Margaret-Alexandria Raymond', '<p>Commodi placeat libero esse ducimus. Adipisci qui explicabo ea incidunt rerum temporibus voluptatem culpa. Itaque sit necessitatibus dolorem nemo omnis./p><p>Incidunt consequatur sint nisi. Dolores deserunt velit voluptatem veniam. Rerum commodi animi qui delectus quia.</p>', '2019-06-15 23:35:35'),
(66, 11, 'Alex Wagner', '<p>Ut quaerat cum consequatur qui qui. Ducimus harum omnis quo in./p><p>Repudiandae ea excepturi ipsa et. Accusamus voluptate est ut qui. Illo voluptatum explicabo laborum delectus quia aut.</p>', '2019-10-13 19:33:45'),
(67, 12, 'Patricia-Adrienne Fernandez', '<p>Omnis aut id necessitatibus dignissimos quod error. Labore laudantium officia temporibus ut praesentium. Voluptas et fuga aliquam laborum qui ullam. Placeat accusamus voluptatem sit quia labore dolor./p><p>Quia impedit accusantium velit iure. Temporibus repellat voluptate est libero et deleniti commodi. Quasi nostrum ullam sit est. Ut ducimus quis aut.</p>', '2019-09-30 06:14:34'),
(68, 12, 'Michel Lesage', '<p>Iure a eos assumenda qui dolor eaque. Deserunt rerum quis omnis blanditiis quos qui. Ut ad optio dolorem est dolor. Recusandae est accusamus dolores optio nihil sunt omnis./p><p>Temporibus quidem a qui eos rerum. Eligendi et enim perspiciatis et veniam amet numquam soluta. Placeat asperiores optio eveniet eveniet.</p>', '2019-09-09 15:22:07'),
(69, 12, 'Lorraine-Véronique Langlois', '<p>Accusantium sit rem dolorum enim repudiandae adipisci. Nam est odio nobis vel. Sit reprehenderit mollitia excepturi dolorem vel autem quo. Enim voluptatem ullam qui numquam quaerat./p><p>Voluptatem est sapiente veniam deleniti rem velit. Rem labore qui animi cum recusandae earum at. Autem qui eius veritatis ipsa perferendis est quisquam deserunt.</p>', '2019-10-07 00:10:19'),
(70, 12, 'Thierry Pinto', '<p>Reprehenderit quo fuga laboriosam voluptatem esse. Et autem ad eos architecto. Deleniti a non accusamus molestiae./p><p>Sit exercitationem odit eligendi alias officiis. Officiis ducimus inventore eaque quia eum aut nihil. Ratione temporibus esse sint voluptatem atque.</p>', '2019-11-11 08:34:59'),
(71, 13, 'Hugues Dupuy-Guillon', '<p>Est veritatis quis tenetur molestiae architecto quibusdam. Dolore earum nihil illo minus cum nemo sunt et. Nobis totam est accusantium./p><p>Consequatur illum quod rerum velit molestias odio maxime. Nulla ratione rerum aperiam corporis.</p>', '2019-07-19 22:36:33'),
(72, 13, 'Michelle-Aimée Le Roux', '<p>Molestiae placeat iste sint dolorem modi. Saepe et molestiae molestiae voluptas qui dicta. Sit deserunt optio illum hic est./p><p>Qui deleniti natus esse et voluptas. Ex officia error facilis modi aliquid. Ut eum recusandae beatae ducimus impedit.</p>', '2019-11-06 22:21:43'),
(73, 13, 'Renée Ferreira-Rossi', '<p>Sint velit dicta sed natus mollitia repellat. Harum sequi nam autem porro placeat delectus. Ex ab dignissimos voluptas molestiae qui et et./p><p>Recusandae praesentium similique odit doloremque tenetur illo sed. Omnis ut omnis nesciunt necessitatibus quas esse doloribus. Nihil consectetur neque incidunt minima sint. Inventore ut accusamus quaerat debitis.</p>', '2019-05-28 20:39:28'),
(74, 13, 'Georges Devaux', '<p>Quo harum dolore placeat illum. Suscipit temporibus est cum et. Dignissimos eos nihil omnis eum nisi./p><p>Consequatur voluptate deleniti animi consectetur sed illo. Cum animi omnis quibusdam illo. Accusamus amet dolor vitae voluptatem consequatur molestiae quas inventore. Harum expedita recusandae consequatur excepturi laborum.</p>', '2019-08-26 13:55:22'),
(75, 13, 'Yves de la Samson', '<p>Accusantium facilis vel quibusdam totam accusantium voluptatem. Velit adipisci repellat quia eaque sint quibusdam. Sint eos in omnis tenetur qui enim hic enim./p><p>Aut dolores magnam quidem odio quia. Quae id distinctio dicta sed voluptate nesciunt. Odio dolores ab non qui quam consequatur. Maxime et accusamus rerum nostrum quisquam explicabo.</p>', '2019-11-01 15:16:53'),
(76, 13, 'Louise Renard-Foucher', '<p>Labore iure et et rerum. Porro possimus cupiditate illo et voluptas et consequatur. Quia rerum pariatur ullam. Enim laboriosam maiores adipisci explicabo beatae facere et./p><p>Atque quia amet nemo qui cumque adipisci. Sequi a est in quidem voluptatem autem dolor. Et voluptas aut dolor aut laudantium.</p>', '2019-07-18 11:30:53'),
(77, 13, 'Élise Peron', '<p>Inventore eum quo fugiat perferendis expedita dolorem tenetur aut. Libero maiores voluptatem velit repellat. Omnis quidem autem expedita rerum laudantium velit culpa. Et qui eius enim nobis at quam. Eaque voluptatum soluta eius reprehenderit quas impedit ut./p><p>Qui et quo distinctio nam corrupti dolores. Atque nostrum aut ea enim optio magni minima assumenda. Quidem placeat tenetur aliquam. Sunt amet earum eum totam corrupti dignissimos et assumenda. Iste accusantium ducimus dolores.</p>', '2019-11-03 14:39:18'),
(78, 14, 'Hortense Ribeiro', '<p>Reprehenderit et fugiat velit eos quis facere. Doloremque soluta sapiente id dolorem porro deleniti voluptates earum./p><p>Accusamus nam soluta qui harum. A eos ratione atque ut rem quasi.</p>', '2019-10-02 11:28:41'),
(79, 14, 'Laurence-Patricia Roussel', '<p>Mollitia atque laudantium aperiam at odit quidem. Libero quod alias ipsam in necessitatibus nulla possimus. Nobis dolorem quae eligendi pariatur./p><p>Et eum ullam dolor illo in. Vero expedita quia mollitia quisquam laudantium autem beatae ab. Expedita voluptatem id consectetur at. Ad optio earum magni cupiditate. Sunt vero autem pariatur cum est.</p>', '2019-11-12 05:44:20'),
(80, 14, 'Laurent Boulanger-Le Gall', '<p>Cum deserunt eos voluptatem placeat fuga. Est libero saepe amet minus neque consequuntur qui./p><p>Illo architecto odio voluptas aliquid aliquid autem. Quaerat reprehenderit quisquam nam aut quae. Alias excepturi sunt nisi architecto praesentium aliquam. Aut animi quidem quia et.</p>', '2019-10-28 21:09:41'),
(81, 14, 'Emmanuelle-Corinne Delorme', '<p>Quo dolor recusandae quis ut voluptates in consequatur. Necessitatibus doloribus a consectetur distinctio qui voluptatem. Quia quo tempore in omnis./p><p>Eligendi quia maxime excepturi dolore vitae aperiam libero. Ut omnis veniam id ea sunt. Consequatur velit mollitia praesentium mollitia eos aliquid.</p>', '2019-10-30 20:20:00'),
(82, 15, 'Jean Courtois', '<p>Minima exercitationem voluptatem saepe qui voluptatibus ipsum. Ullam ratione repudiandae sint dolore consequuntur nihil. Impedit aut doloribus soluta voluptas officia nemo. Aut aut eveniet accusantium possimus impedit qui tenetur similique./p><p>Inventore modi consequatur omnis fuga atque qui iure. Architecto autem error fugit sapiente perspiciatis sapiente. Tempora et doloribus qui aliquid qui aut voluptas.</p>', '2019-08-14 02:30:01'),
(83, 15, 'Josette Le Rey', '<p>Rem soluta deserunt dicta aliquam earum atque. Dicta nostrum ratione mollitia repudiandae porro quia. Consequatur provident occaecati et voluptas inventore. Et vel ea dolores quibusdam nemo debitis quasi corporis./p><p>Optio aut harum consequatur quibusdam id porro delectus. Error iusto a et natus delectus impedit. Adipisci dolorum qui in nemo tenetur consequatur.</p>', '2019-10-16 21:08:13'),
(84, 15, 'Louis Grondin-Evrard', '<p>Aliquid nesciunt est accusantium et aut consequatur. Cupiditate neque aperiam porro pariatur totam sint omnis. Est aperiam consequatur animi et./p><p>Velit esse incidunt rerum atque mollitia delectus expedita. Dignissimos et molestias laboriosam culpa. Numquam in sunt voluptates vel odit. Omnis consectetur dolorem incidunt nobis temporibus maxime molestias.</p>', '2019-10-24 12:35:02'),
(85, 15, 'Jean De Oliveira', '<p>Voluptatem et a consequatur sequi sit voluptates ducimus optio. Itaque quo inventore similique quia impedit doloremque molestiae. Voluptatem ut et est laborum./p><p>Laborum magni veritatis dolore incidunt. Ipsa dolore hic sed voluptas ipsam. Eligendi dolor et mollitia blanditiis. Repudiandae qui adipisci sit adipisci repellendus.</p>', '2019-06-27 17:17:59'),
(86, 16, 'Éric Leduc', '<p>Sit excepturi nobis fuga provident id itaque ipsum. Cum pariatur unde iusto ut repudiandae aut. Et error earum eos. Vitae qui nulla consequatur autem error est quis doloremque./p><p>Rerum inventore ut labore magni. Optio aspernatur consequuntur omnis quod rerum aut nihil. Consequatur necessitatibus ipsam vel amet architecto dolores voluptatem. Voluptates non qui illum in provident.</p>', '2019-11-07 17:10:18'),
(87, 16, 'Julie Lecoq', '<p>Fuga ad veniam amet. Eveniet vel officia aut quis iusto ratione./p><p>Eum velit quam ea sed dolor aspernatur libero. Aut quo voluptas praesentium optio sit et eos eos. Ab consequatur vel impedit. Eaque quas quam hic aut doloribus aspernatur eos. Aut rem sit provident quidem.</p>', '2019-10-15 11:44:52'),
(88, 16, 'Adrienne Dufour', '<p>Vel quia facere ea. Vero repellat perspiciatis reprehenderit eveniet veritatis. Aliquam voluptas explicabo inventore est quam sequi./p><p>Eum qui similique minus impedit. Eligendi ipsam consectetur mollitia aut consequatur eius. Quam hic alias sed qui dolorem. Tempora qui hic molestiae odit nulla omnis tempora nihil.</p>', '2019-09-19 16:57:49'),
(89, 16, 'Alex Mace', '<p>Et quia tenetur corporis et quasi autem et recusandae. Omnis atque tenetur rerum. Corporis doloremque eum at accusantium cum deserunt. Laboriosam dolorum quia debitis ea et non./p><p>Sapiente dolorem saepe et. Deleniti qui et aut est tempora. Iure inventore laboriosam vero commodi. Quam et necessitatibus ad repudiandae qui ea et.</p>', '2019-11-07 23:41:13'),
(90, 16, 'Vincent Maillot', '<p>Aut quas fugiat voluptas est. Eos asperiores sunt dolore id consequatur quos voluptas. Minima aliquid et unde iusto quae perferendis./p><p>Facilis magni laborum distinctio sequi sapiente sed et. Placeat ad totam et fuga. Voluptas aut facere corrupti optio quia alias.</p>', '2019-09-18 00:19:26'),
(91, 16, 'Martine Mahe', '<p>Et inventore ut pariatur. Facere qui et harum nostrum sint. Odio nisi quis distinctio nulla. Et minima quasi amet saepe fugiat et quis. In laudantium molestiae omnis sunt labore nobis commodi./p><p>Ut nihil voluptatem est et impedit. Necessitatibus numquam consequatur molestiae et natus neque. Veniam molestias quia sint et dolorem nobis necessitatibus.</p>', '2019-10-31 05:45:05'),
(92, 17, 'Bernadette Marie', '<p>Tenetur enim doloremque ex sequi occaecati. Accusamus qui iste voluptate cumque reiciendis dolor consequatur. Ducimus in quae cupiditate et magnam dolorum dolorem dolorem. Magnam et possimus vero laborum eos./p><p>Et est praesentium tempore exercitationem enim dolores. Dolorum assumenda molestiae rerum qui delectus facere. Enim ut expedita soluta dolores et ducimus. Consequatur enim fugiat quaerat quod.</p>', '2019-09-03 09:35:51'),
(93, 17, 'Raymond Renaud-Guillon', '<p>Doloribus expedita exercitationem quia laborum. At quasi quis numquam illum vero quasi aspernatur. Vero autem quam magnam illo quos./p><p>Odio eius officia cum vero est omnis quis. Id ratione aut excepturi architecto numquam dolores architecto molestiae. Adipisci aut optio rerum ut id deleniti repudiandae. Odit nostrum doloremque nihil nihil cumque odio.</p>', '2019-11-07 09:34:31'),
(94, 17, 'Auguste Gilles-Alves', '<p>Eligendi soluta doloremque aut tempore. Voluptas est et laboriosam numquam voluptates accusantium sint. Illo esse amet eligendi. Corporis aperiam est nisi nulla eaque ut voluptatibus./p><p>Ullam nobis quae dolore alias deserunt consequuntur enim nostrum. Nihil saepe voluptates illo harum ullam ducimus quasi. Est cum aut excepturi temporibus est dolor molestiae.</p>', '2019-10-30 12:09:43'),
(95, 17, 'Nicolas Valentin', '<p>Autem autem molestiae asperiores sint ut iste fugiat modi. Cum quidem dolorum voluptas excepturi sed. Impedit adipisci sequi delectus cupiditate sapiente tempora. Nulla asperiores recusandae doloremque quia dolore nobis./p><p>Nostrum itaque et pariatur ea iste blanditiis. Non dolore voluptatibus magnam itaque voluptatem harum.</p>', '2019-09-05 08:42:40'),
(96, 17, 'Aimé Dupont', '<p>Ratione at molestias placeat sapiente dolor eum. Quas quidem ut commodi maxime et voluptatem. Quod impedit recusandae ratione deleniti ex sed. Est soluta magnam quod officiis aut./p><p>Qui debitis esse blanditiis accusamus accusamus autem nisi. Sed debitis ad labore non sequi dolorum. Officia porro velit magni mollitia. Sequi ratione suscipit deserunt corrupti adipisci.</p>', '2019-09-15 07:02:35'),
(97, 17, 'Lucas Martel', '<p>Distinctio molestiae quis in totam delectus at ullam nihil. Iste deleniti qui sit delectus voluptatem quod est./p><p>Quisquam cumque quia repudiandae sint ducimus dolores. Expedita quia beatae vero voluptates ut. Mollitia qui ut consectetur eveniet et velit.</p>', '2019-08-01 22:16:36'),
(98, 18, 'Gabrielle de la Pichon', '<p>Omnis ut cum quia voluptate mollitia laudantium. Voluptate dicta asperiores natus neque. Autem unde eaque eum./p><p>Molestiae alias similique eligendi sit et quia. Incidunt et cum ipsa reprehenderit ut non autem voluptatem. Culpa earum quibusdam molestias non. A facere aut velit qui est porro nostrum. Modi necessitatibus explicabo voluptas quia nostrum quia.</p>', '2019-11-13 02:06:28'),
(99, 18, 'Yves Hoarau', '<p>Ullam minima voluptatum repellendus magni. Voluptas tempora tenetur vel omnis consequatur eveniet quia. Fugit neque nulla consequatur est deserunt facilis./p><p>Voluptatem est accusantium ut dolorem quae. Et laboriosam delectus qui voluptatem ut sequi. Et quo provident atque.</p>', '2019-11-08 20:49:00'),
(100, 18, 'Zacharie Gomes', '<p>Animi perspiciatis distinctio tempore voluptatibus ducimus id. Voluptas ullam explicabo officiis delectus. Accusamus saepe aut amet consequatur est./p><p>Laborum earum commodi harum consequatur et eum libero. Libero consequatur veritatis odio ea quos. Laboriosam maxime unde eligendi sit. Repellendus voluptas consectetur et impedit voluptatem totam. Distinctio minima dolore repellendus assumenda nulla.</p>', '2019-11-09 14:57:35'),
(101, 18, 'Susan Maillet', '<p>Dolores dolore laudantium perferendis quas tenetur aut. Tenetur id exercitationem aut voluptas dolor recusandae magni. Atque omnis et voluptatem ut minus. Ea cum eaque velit debitis expedita eveniet eaque consequatur./p><p>Voluptates repellendus aspernatur soluta nihil. Enim eos nostrum tenetur eveniet ut. Modi omnis ut sit exercitationem cumque et fuga. At blanditiis reprehenderit asperiores iure. Id tempora voluptas veniam qui modi consequatur aliquam.</p>', '2019-11-09 06:17:39'),
(102, 18, 'Antoine-Stéphane Muller', '<p>Et temporibus omnis itaque distinctio nemo dolorum. Sit qui dolore consequatur voluptatem optio molestiae qui. Accusantium non esse qui deserunt sit. Praesentium debitis repellat libero sint enim./p><p>Ut enim corrupti consequatur natus dolor. Consequatur et nemo consequatur quia illum commodi cumque nihil. Iure vero dolorum molestias perferendis. Et nihil aut sequi animi perferendis.</p>', '2019-11-09 00:53:06'),
(103, 18, 'Nath Cousin', '<p>Magnam quis quisquam aliquid ut praesentium. Sunt nulla adipisci reiciendis error ut nam./p><p>Asperiores maiores quaerat ea aut et omnis occaecati. Voluptas nam consequatur nobis quam. Voluptatem dolores aut nisi sint voluptatibus. Repudiandae vel repudiandae optio eius velit animi cum est.</p>', '2019-11-11 17:18:14'),
(104, 18, 'Nath Seguin', '<p>Natus sit aut hic voluptatibus id molestiae blanditiis dignissimos. Officia excepturi est quibusdam distinctio. Et dignissimos quos ut et sunt voluptas expedita. Soluta voluptate mollitia dolor non sit porro facere./p><p>Mollitia iste incidunt cumque est qui nostrum. Consequuntur occaecati eligendi qui magnam ipsam. Quod voluptas nostrum animi earum. Corporis quidem quae id doloremque.</p>', '2019-11-08 16:02:09'),
(105, 19, 'Anaïs Michaud', '<p>Provident temporibus provident sint omnis. Ut iste voluptatem enim optio. Eos dolores modi similique ea consequatur placeat veniam est. Dolorum debitis rerum perferendis molestiae et./p><p>Illo et pariatur doloribus facere sed deserunt iure enim. Quia quia ab accusantium voluptatum omnis. Pariatur eos nam qui perferendis dicta.</p>', '2019-10-26 22:48:35'),
(106, 19, 'Paul Le Chauvin', '<p>Dolorem repellendus voluptas iure aut voluptas. Deleniti nostrum rerum nemo consectetur eos et. Vel nobis est nulla recusandae. Sunt aut cum laboriosam./p><p>Modi enim optio nemo maxime dignissimos ut commodi. Dolorum et tempora sunt autem blanditiis aut. Fugit perspiciatis est ad. Facilis veritatis corporis voluptatem.</p>', '2019-09-28 04:57:02'),
(107, 19, 'Maryse Torres', '<p>Rerum voluptatem sed illum dignissimos. Fugit est earum adipisci. Qui amet repellendus vel aliquam illo vel recusandae. Cum nesciunt facilis nihil ducimus incidunt aperiam omnis./p><p>Magni dolores corrupti dolor nihil sequi tenetur. Facilis nihil ducimus qui omnis incidunt libero. Non laborum distinctio ullam accusamus similique quam placeat dolorum. Unde minima ex eum sed laboriosam sunt.</p>', '2019-10-28 15:02:32'),
(108, 19, 'Bernadette Dijoux', '<p>Aliquid illum accusantium et sunt commodi ducimus eveniet. Iure eum autem expedita dolor dignissimos facere./p><p>Consectetur fugiat sunt ut recusandae magnam ex iusto. Reprehenderit eaque et inventore qui accusantium. Ut asperiores perspiciatis quis.</p>', '2019-10-17 07:10:55'),
(109, 19, 'Alexandre Pereira-Torres', '<p>Dolor et autem est quisquam minima aut reiciendis. Illum deserunt ut quo ab eum. Et nostrum excepturi quasi culpa iste sapiente dolor. Id officia mollitia occaecati illum./p><p>Aut ipsa placeat maxime. Doloribus fugiat corrupti numquam voluptas quia. Eos sed minima et officiis aut sint. Suscipit dolor autem et eos deleniti aut.</p>', '2019-10-16 17:04:53'),
(110, 19, 'André Noel', '<p>Et a ad iusto voluptatibus autem et et autem. Consequuntur explicabo et et necessitatibus et dolores. Hic accusamus magnam voluptas sunt./p><p>Sunt mollitia error ad et fuga. Qui occaecati ratione enim blanditiis sunt est. Iure reiciendis laudantium exercitationem est qui et.</p>', '2019-11-05 00:13:33'),
(111, 20, 'Roger du Daniel', '<p>Natus delectus quibusdam nostrum explicabo vel veritatis facere. Enim quis magnam hic aut maiores harum et. Explicabo et quis consequatur et quia nemo. Similique et veritatis neque harum ab./p><p>Aut est et aliquid ullam magnam. Quo illo sequi praesentium voluptatum repellendus. Sunt non nihil at ducimus omnis cum.</p>', '2019-11-08 18:30:25'),
(112, 20, 'Michelle Paul', '<p>Voluptatem iste consequatur non. Quis et ipsa assumenda rerum incidunt. Facilis vero quidem fugiat non quo aperiam qui. Delectus qui ut iure impedit temporibus quae quisquam dicta./p><p>Veniam quidem non eum enim et et omnis. Praesentium est rerum necessitatibus quos et nam. Aut omnis ea minima quisquam sed.</p>', '2019-11-06 07:14:42'),
(113, 20, 'Anne Robin', '<p>Ipsa qui dignissimos asperiores quia excepturi reiciendis. Dolorem sit sit non eum veritatis libero voluptatem. Sit asperiores sed architecto dolor tenetur quis dolorem. Quibusdam illum culpa et maiores voluptas consequuntur reiciendis. Corporis dolorum maiores est dolor reprehenderit voluptatibus./p><p>Labore mollitia aliquid consequuntur quia dolor autem saepe. Corporis exercitationem minima laboriosam ab vel. Consequatur est esse ut dolor sapiente. Vitae nihil harum consequatur nostrum reiciendis.</p>', '2019-11-11 12:50:10'),
(114, 20, 'Frédéric Joseph', '<p>Vel ut ad quibusdam necessitatibus necessitatibus minima sit. Accusantium quidem qui sunt et vel velit placeat. Ipsum consequatur non quos voluptate et./p><p>Aut quia hic qui vitae. Et quia omnis consequatur praesentium sed. Voluptatem distinctio ut nemo aut in nesciunt sed.</p>', '2019-11-15 06:07:22'),
(115, 20, 'Élise Bourdon', '<p>Ut atque molestiae debitis quia rem laboriosam. Ut autem consectetur quia voluptatem sint et. Est et rerum ut enim consectetur./p><p>In explicabo perferendis ut expedita molestiae. Non accusamus qui rerum assumenda. Id sint autem sit vitae suscipit.</p>', '2019-11-08 13:03:45'),
(116, 21, 'Constance Arnaud', '<p>Exercitationem rerum et aperiam voluptates mollitia voluptatem. Dolorem hic tenetur asperiores unde. Voluptatibus exercitationem ratione voluptatem earum dolorum inventore./p><p>Nihil impedit autem molestiae ipsum iusto. Nostrum labore rerum beatae assumenda aut corrupti deserunt. Ratione omnis ut qui ipsum id quia. Esse expedita voluptatem enim error nobis.</p>', '2019-11-08 20:56:08'),
(117, 21, 'Paul Schmitt', '<p>Et et molestiae autem repellat non a. Reiciendis cupiditate ut cumque voluptate consequatur et ut. Fugit quia fugiat qui consequatur non distinctio expedita./p><p>Blanditiis asperiores non voluptas non maxime. Accusantium aut eos adipisci laudantium est.</p>', '2019-11-05 23:44:36'),
(118, 21, 'Geneviève Alves', '<p>Aut vero sed et labore sint aut. Ipsum vel numquam suscipit. Occaecati sit consequatur voluptatum temporibus et aut voluptate doloribus. Recusandae aliquam porro vel tempore./p><p>Voluptates quia sit quis magnam nam consequatur ipsam. Nihil esse nesciunt impedit enim amet. Excepturi aliquid ex repellat maiores.</p>', '2019-11-11 04:24:19'),
(119, 21, 'Thierry-Julien Foucher', '<p>Consequuntur ad consequatur quidem mollitia. Est et occaecati magnam dolorem. Eos minus quia voluptates rerum./p><p>Aut est aut delectus quo distinctio doloribus. Temporibus molestiae aliquam eum aut. Consequatur omnis est quia in earum fugit eum et.</p>', '2019-11-03 00:50:50'),
(120, 21, 'Sophie Carlier', '<p>Omnis deleniti quia nulla officiis distinctio. Inventore vero rerum rem et tenetur et. Tenetur ut eum voluptatem accusamus cum./p><p>Temporibus ex consectetur occaecati animi et consequuntur. Culpa eius nesciunt omnis. Quia natus quibusdam debitis impedit. Dolorem corporis cumque quibusdam omnis.</p>', '2019-11-12 13:55:39'),
(121, 22, 'François-Étienne Berthelot', '<p>Quae voluptates tempora quia natus delectus omnis reprehenderit. Voluptatibus non quaerat quia cupiditate. Atque iusto dolorem ipsam nihil vel. Corrupti veniam consequatur quae eos./p><p>Molestiae rerum sint omnis excepturi beatae tempora. Doloribus consequatur repudiandae unde est voluptas tenetur. Non rerum modi saepe vel. Occaecati magnam molestiae at odio nihil quidem et.</p>', '2019-11-01 02:52:31'),
(122, 22, 'Émile Regnier', '<p>Ea a facere non repellat est neque voluptatem dicta. Unde vel voluptas cupiditate et et officiis./p><p>Iste est commodi sit quisquam cupiditate et ut. Facere totam ad error libero enim voluptas quia. Unde iste est est recusandae sequi sit voluptas.</p>', '2019-09-14 16:50:02'),
(123, 22, 'Aimé Lombard', '<p>Occaecati rerum molestias esse quia inventore dolorum. Eveniet esse aut asperiores earum rerum est voluptatibus ut. Dolor quis illum corporis ex laudantium./p><p>Est sit quis fugit ea non modi natus. Eos nam tenetur ea molestias soluta qui quia.</p>', '2019-09-09 14:07:32'),
(124, 22, 'Olivier Duval', '<p>Soluta corrupti unde inventore vel possimus doloremque. Molestiae assumenda veniam possimus minus dolores commodi. Nihil iure velit voluptatem sunt sunt omnis eum./p><p>Quia et fuga provident molestias repudiandae odio suscipit. Voluptates voluptatem laudantium qui provident reiciendis. Hic ea optio at hic sapiente explicabo. Aut tenetur dolorem velit accusamus similique. Ab ut aut eum commodi.</p>', '2019-10-14 14:46:50'),
(125, 22, 'Honoré-William Imbert', '<p>Eum eos voluptas nam tempore dolorem qui sed. Voluptatum velit temporibus quia. Vel tempore quas laborum excepturi. Et et labore est consequuntur asperiores voluptatem nihil./p><p>Quam corrupti qui quam distinctio. Doloremque nesciunt ut repudiandae laudantium enim quos. Inventore commodi corporis odio. Atque expedita qui ea modi inventore.</p>', '2019-09-06 05:15:16'),
(126, 23, 'Sébastien Grondin', '<p>Eos suscipit aut sunt voluptatem voluptatem eum rerum et. Laboriosam consequuntur alias est iste in voluptas. Qui aliquam doloribus debitis est quas voluptatem. Recusandae sint qui placeat./p><p>Nobis nesciunt enim odio temporibus qui nisi. Unde similique aut et ipsum qui rerum vero. Qui quibusdam qui animi quo veniam nostrum voluptatibus dolores. Cumque odio et rerum.</p>', '2019-09-05 18:48:12'),
(127, 23, 'Aurore Gonzalez', '<p>Id dolor cumque doloribus qui doloribus tempore porro. Facilis molestias et itaque est omnis blanditiis sed. Rerum quia enim eos ea. Est iusto voluptatem cum./p><p>Et aut ab delectus quia consectetur vero. Vitae deserunt et adipisci ut. Atque iste repellat ratione enim molestias accusantium. Laboriosam amet eveniet aliquam quo aperiam dolorum nihil fuga.</p>', '2019-10-01 19:01:23'),
(128, 23, 'Alice Durand', '<p>Dolorem libero aliquid atque placeat non delectus fuga. Nihil iusto sit consequatur occaecati possimus libero. Et qui incidunt omnis exercitationem qui. Reprehenderit illum et rerum voluptatem laborum quas ipsam./p><p>Quaerat fugit temporibus ullam nobis quia deleniti. Optio cupiditate quia et minima eum modi saepe. Qui exercitationem praesentium quia nihil.</p>', '2019-09-20 06:50:46'),
(129, 23, 'Marc Delattre', '<p>Voluptatem deleniti omnis delectus distinctio. Incidunt nobis minus incidunt beatae consequatur voluptatem. Dignissimos autem et natus est voluptatum ipsam. Facilis aliquid odit voluptatem aliquid qui vitae./p><p>Voluptas exercitationem dolores laborum culpa ut sequi exercitationem. Consequatur corporis est in cumque saepe necessitatibus.</p>', '2019-10-21 09:55:27');
INSERT INTO `comment` (`id`, `article_id`, `author`, `content`, `created_at`) VALUES
(130, 23, 'Dorothée-Louise Maillard', '<p>Sint iure facere nihil necessitatibus autem itaque earum. Distinctio asperiores dolorem similique eius. Maiores quaerat facilis et. Odit tenetur reprehenderit quidem sint enim. Laboriosam ea quas ut nihil autem doloremque./p><p>Ut aliquid iusto laudantium voluptate. Velit inventore minima explicabo beatae. Consequatur libero sit blanditiis et omnis ut voluptas.</p>', '2019-10-06 03:50:42'),
(131, 23, 'Aurélie Denis', '<p>Et architecto eius expedita. Vel ratione voluptas id natus sint quia officia. Delectus veniam nostrum ut voluptatem./p><p>Alias alias beatae ipsum suscipit non perspiciatis. Sit eum ut aut ut maxime. Autem consequatur veniam blanditiis delectus inventore et eius. Enim nam deserunt porro dolorem dolorem.</p>', '2019-09-21 16:28:21'),
(132, 24, 'Margaux-Laetitia Raynaud', '<p>Eum laborum occaecati fuga sunt rerum minus. Natus quo consectetur qui minus optio. Reprehenderit qui autem rerum maxime. Corrupti laborum rerum voluptatem quas expedita ducimus./p><p>Quis amet omnis vel voluptatem molestiae. Deleniti minima quaerat sapiente quas aliquam. Ea fugiat dicta totam aut ipsam quis quam et. Ullam itaque omnis exercitationem fugiat dolorum.</p>', '2019-11-01 11:24:16'),
(133, 24, 'Colette Voisin', '<p>Excepturi omnis harum dolores similique et modi. Deserunt cumque doloribus maiores quae. Voluptas sint possimus eveniet dolores ullam./p><p>Esse in molestiae inventore nisi eos debitis a sit. Nesciunt fuga assumenda provident ut nesciunt quo non. Quia qui omnis libero atque quasi repudiandae. Facilis vero recusandae eius possimus rerum possimus.</p>', '2019-11-13 14:22:06'),
(134, 24, 'Charles Godard-Rousset', '<p>Sint aperiam quo qui. Ullam maxime reprehenderit eum et unde. Ab consequuntur accusamus nam dignissimos debitis culpa./p><p>Impedit ea incidunt saepe voluptates vel ex reprehenderit. Fuga dolor tempore nesciunt dolor sed inventore. Debitis vero accusamus dolorem doloremque et dolorem. Voluptate porro est beatae necessitatibus est alias maiores.</p>', '2019-10-29 13:36:05'),
(135, 24, 'Robert-Pierre Morvan', '<p>Quis vel tempora inventore pariatur debitis nostrum. Quia qui facilis explicabo numquam. Numquam voluptate est eveniet cupiditate./p><p>Natus ducimus quisquam adipisci voluptas cumque adipisci. Quis corrupti minima totam quos. Voluptatem distinctio rerum qui repellendus totam.</p>', '2019-11-14 04:29:59'),
(136, 25, 'Isabelle de la Leduc', '<p>Occaecati vitae explicabo distinctio placeat. Et saepe nihil voluptatem./p><p>Sed nihil accusamus itaque reprehenderit repudiandae numquam quibusdam. Et aliquid tenetur molestiae maxime vel. Omnis ratione hic repellat sint et eveniet.</p>', '2019-11-14 09:40:49'),
(137, 25, 'Corinne de la Monnier', '<p>Aut accusamus est recusandae quo. Ipsum ea ullam quis corporis. Rerum dignissimos voluptas provident nobis rerum non./p><p>Recusandae quos sint incidunt nobis placeat expedita rerum. Esse veritatis ut ut maiores. Placeat eos reiciendis commodi consequatur autem quia et. Nemo quam nihil cupiditate eaque perferendis.</p>', '2019-11-05 21:44:02'),
(138, 25, 'Michèle Gomes', '<p>Ut numquam aliquam doloremque vero. Voluptatem aut repellat nisi cumque vel accusantium. Saepe quia iusto et cum vitae provident voluptatem./p><p>Similique quae aut ea accusantium qui quo. Distinctio ab blanditiis est. Dolor minima et eum voluptas sapiente sed.</p>', '2019-11-15 12:17:33'),
(139, 25, 'Auguste Bonnet-Duhamel', '<p>Consequuntur laboriosam autem qui. Provident ut vitae natus quia et esse laboriosam. Praesentium voluptate officiis reiciendis quo./p><p>Officia excepturi nostrum qui accusamus omnis dolor. Earum sit necessitatibus mollitia ullam minima. Consequuntur vitae distinctio occaecati et. Id officia voluptas ducimus. Et magnam consequatur assumenda delectus voluptatem natus.</p>', '2019-11-12 10:33:21'),
(140, 25, 'Julien Lamy', '<p>Quaerat optio beatae consequuntur incidunt omnis. Tempore adipisci veritatis soluta quidem./p><p>Quod assumenda est voluptatem eos quaerat autem suscipit illum. Aut autem sint ducimus quisquam et excepturi est. Quas ea accusantium occaecati reprehenderit est. Qui et eligendi esse blanditiis.</p>', '2019-11-10 16:30:40'),
(141, 25, 'Édouard Bertrand', '<p>Dolor tempore corporis reprehenderit labore quo nesciunt velit. Iste autem ullam tempora quos rerum. Quas veritatis optio veritatis cumque voluptatem quo dolor./p><p>Hic nisi aut provident consequatur quo. Et nulla quo repellendus dolorem dolorum odit ad facere. Sapiente at molestias nesciunt molestiae quae qui. Perspiciatis et minima iure aut.</p>', '2019-11-10 06:45:13'),
(142, 25, 'Lucas Mercier', '<p>Maxime consectetur in officiis. Est consectetur sed laudantium. Repudiandae sunt eius atque adipisci est dolorem./p><p>Sint aliquid est voluptate sit officia sint et. Provident exercitationem iusto quaerat et. Dolores sint cumque eligendi cum veritatis reiciendis.</p>', '2019-11-15 13:17:48'),
(143, 25, 'Chantal Guillet', '<p>Sed ducimus tempora est. Eligendi quia et adipisci sed vitae quibusdam ratione eligendi. Quis et totam fugit et dolorum. Architecto sit veniam repellendus corporis facilis./p><p>Vel enim et perspiciatis porro aut. Soluta eaque beatae quam est dolorum sint. Reiciendis maxime aut doloremque commodi ratione dolor. Molestiae doloremque ad at.</p>', '2019-11-12 14:56:05'),
(144, 25, 'Zacharie Munoz', '<p>Minus atque asperiores quis vero quibusdam. Cupiditate nihil animi quia blanditiis. Est sit sunt delectus eius minima iusto et./p><p>Sint similique tempore sit sunt aut. Quam quia autem officiis aut sint sit. Omnis et voluptatem officiis ut quam. Cum id non autem quidem soluta.</p>', '2019-11-08 11:20:41'),
(145, 26, 'Marc David-Arnaud', '<p>Rerum sed odit a rem reprehenderit qui corporis. Amet qui illum est et perferendis. Nihil et iste perferendis eaque excepturi voluptatem./p><p>Autem quia quis odit facere impedit. Totam dicta quia eum ad. Commodi qui labore odio est a impedit. In itaque esse expedita odit deserunt ipsum perspiciatis.</p>', '2019-10-01 05:00:57'),
(146, 26, 'Agathe du Clement', '<p>Et nisi fugit et nemo harum. Quod est dolores vitae similique. Rerum voluptas quam laborum aut dolor veritatis delectus. Doloremque veritatis et doloribus minima perferendis et fugit./p><p>Reiciendis impedit velit eligendi suscipit itaque ut voluptatem repellat. Rerum molestias tempore consequatur explicabo sunt aliquid. Consequatur earum iusto iure alias illum vitae. Eaque voluptatibus qui quia alias incidunt adipisci quibusdam. Quis ut praesentium sapiente quis.</p>', '2019-10-18 16:50:23'),
(147, 26, 'Alphonse Boulay', '<p>Velit repudiandae dolores porro error. Non qui quis aliquam optio qui. Sed omnis corrupti repudiandae autem. Sunt aut corrupti distinctio consequatur./p><p>Odio ab dicta molestias est inventore. Cumque commodi a excepturi ea et. Necessitatibus accusantium nulla officiis possimus sit sint. Id pariatur quia veritatis at.</p>', '2019-10-19 09:50:59'),
(148, 26, 'Dominique Levy-Courtois', '<p>Est dolorum fugit aut quasi eum. Tempore suscipit excepturi consectetur ipsum. Eos id culpa illum dolor./p><p>Itaque et et sapiente qui. Deserunt ad veritatis quia repudiandae qui error et. Distinctio id numquam suscipit consequatur unde molestiae.</p>', '2019-11-01 03:30:56'),
(149, 26, 'Nathalie Marty', '<p>Officiis et ipsam sed sequi fugit sint qui quisquam. Consequatur mollitia voluptatem assumenda quia officiis. Iste facilis et et dolor corrupti magnam./p><p>Reiciendis et eum est cupiditate amet. Vel est molestiae suscipit.</p>', '2019-11-14 18:33:42'),
(150, 27, 'David Deschamps', '<p>A et asperiores sed fugiat at aspernatur. Molestias blanditiis impedit omnis sed ut aut aspernatur. Quos autem voluptatum enim perferendis. Nihil quaerat inventore eaque ut et./p><p>Unde aut voluptatibus eveniet ex. Saepe et numquam placeat omnis. Et iste unde quas labore autem ipsa adipisci.</p>', '2019-11-11 19:32:52'),
(151, 27, 'Agnès Vaillant', '<p>Consequatur assumenda eveniet pariatur aliquid placeat vitae dolor fuga. Similique doloremque sed nemo nemo consequatur nostrum laboriosam. Ea esse temporibus sequi est ipsum./p><p>Nostrum accusantium non sequi itaque quia dolorem. Autem ex ducimus est aut eum molestias dignissimos in. Architecto magni rerum molestiae reprehenderit sequi error.</p>', '2019-09-05 21:00:36'),
(152, 27, 'Georges Gay', '<p>Numquam quo optio in nam. Est qui eum voluptates ut minima voluptas./p><p>Deserunt earum quaerat aut neque. Explicabo voluptatum laboriosam ut. Excepturi sed ex enim recusandae facere harum sunt.</p>', '2019-11-01 08:22:27'),
(153, 27, 'Margaret Martel', '<p>Architecto fugiat incidunt et rem iure dignissimos. Commodi rerum sequi qui quisquam minima. Inventore qui libero laudantium distinctio natus suscipit. Eaque sapiente id non modi quas./p><p>Dolores corrupti asperiores quasi. Aut qui ad ducimus laudantium voluptatem dolores saepe. Dolor blanditiis cum occaecati dolores vel ut quam.</p>', '2019-11-06 20:09:56'),
(154, 27, 'Jérôme Legendre-Caron', '<p>Dolorem in nam et numquam nulla. Aut sed omnis aliquid sed. Quia magni voluptate aut et provident molestiae perferendis./p><p>Pariatur aspernatur impedit blanditiis est unde dolor rerum commodi. Aut esse corporis totam veniam. Officiis aut tempore aut blanditiis nostrum a ea beatae. A officia aut voluptas similique quo eius facilis.</p>', '2019-07-29 03:54:13'),
(155, 27, 'Laurent Gay', '<p>Molestias esse odit unde minus consequatur nihil. Saepe ut ducimus dolorem dicta est explicabo. Expedita repellat libero porro rerum voluptatem voluptatem. Sunt velit eos cumque ducimus./p><p>Architecto voluptas maiores ut et aut. Itaque quia sed sit animi sit eum nihil. Dolores aliquam repudiandae praesentium illo labore et molestias.</p>', '2019-09-10 22:29:21'),
(156, 27, 'Philippine Fournier', '<p>Quos nihil fugiat debitis voluptatem aperiam. Minima sequi est unde rem ipsa dolor soluta. Dolorem consequuntur sed placeat exercitationem./p><p>Nihil quia et dolorem harum. Provident ab magnam ratione deleniti recusandae eos. Aut explicabo culpa dolorem in voluptatem. Qui nobis rerum vel consequatur recusandae eligendi. Aut voluptatem voluptates aut eum odit.</p>', '2019-10-13 19:16:42'),
(157, 27, 'Patricia Valette', '<p>Debitis non et ab tempora explicabo aut sed. Qui autem maiores ut qui. Inventore harum hic sapiente repudiandae fugit./p><p>Est et nihil cupiditate voluptates odit non velit inventore. Deleniti error sunt est veritatis rerum quas. Aperiam quis dolore quo commodi iusto dignissimos velit.</p>', '2019-09-26 15:06:22'),
(158, 28, 'Louise Grondin', '<p>Optio et qui ut. Voluptatem et magni voluptatibus est. Autem dicta voluptas reiciendis odio eveniet sunt vero. Quas aspernatur neque et./p><p>Quia molestiae labore magni reiciendis labore rem. Alias minima perferendis recusandae excepturi laborum. Dolorem eaque consequatur vero ut ea ab labore.</p>', '2019-11-12 08:41:57'),
(159, 28, 'Marcel Leclercq', '<p>Dolorum voluptatem ex nulla. Voluptatem commodi ratione deleniti. Labore iure voluptas similique cumque aliquid id esse./p><p>Dolores et repellendus accusantium qui eaque illo error. Ratione repudiandae quo ut tempore porro nihil. Voluptatem eum id enim quis sed molestiae temporibus.</p>', '2019-10-31 17:49:32'),
(160, 28, 'Arthur Letellier', '<p>Eaque voluptatibus facere rerum sint asperiores consequatur suscipit itaque. Ut facere et incidunt maxime. Perspiciatis sequi vitae consequatur enim dolor quaerat quae. Sed dolores odit est ad voluptas non placeat./p><p>Eligendi hic rerum et et. Officiis est quidem fugit consectetur illo facilis. Laudantium molestiae deleniti rerum voluptates voluptatem vero enim. Quo illum consectetur voluptas illo aut aliquam voluptas.</p>', '2019-09-14 21:56:46'),
(161, 28, 'Julien du Leger', '<p>Porro ab earum commodi qui similique quia. Sit incidunt qui quam eligendi sed. Sit sed et voluptatibus architecto dolor ratione./p><p>Enim quibusdam quibusdam omnis adipisci accusamus dolor. Pariatur temporibus minus adipisci perspiciatis maiores et sed. Minima omnis et dolor praesentium. Quo labore eum incidunt laudantium provident in.</p>', '2019-09-18 03:26:31'),
(162, 28, 'Pauline du Lamy', '<p>Quibusdam aperiam eius quo tempora qui. Voluptatum est sunt debitis reprehenderit eum et nihil./p><p>Rerum autem fuga ad et. Qui aut fuga voluptas nostrum dicta. Distinctio velit accusamus et id. Rem commodi tempore praesentium quo.</p>', '2019-07-22 02:09:37'),
(163, 28, 'Élodie de la Valentin', '<p>Odio dolor quaerat consequatur impedit ut. Consequatur id voluptatem est sit iure cum./p><p>Ullam tenetur et perspiciatis blanditiis dicta voluptatum quos. Eos repudiandae sint facere et non iste quam. Sit numquam facere nihil labore veritatis. Magni magni sit id doloribus.</p>', '2019-10-28 07:43:45'),
(164, 28, 'Honoré Boulay', '<p>Minus recusandae quibusdam saepe blanditiis. Perferendis nam quos voluptas quaerat ipsam. Alias beatae qui quos voluptatem non rem. Occaecati quod rerum culpa et non. Atque labore et blanditiis deserunt sit./p><p>Non ab tenetur et voluptatem odit officia distinctio. Voluptates rerum illo eveniet provident voluptatum nulla qui. Sit quae deleniti voluptas est illo ut.</p>', '2019-08-19 01:41:36'),
(165, 29, 'Arthur Laporte', '<p>Reprehenderit et itaque nihil qui. Est aperiam illum rerum eos. Accusamus dolores non id sit. Quam quasi ut velit./p><p>Labore ipsum qui quod pariatur accusantium. Ut qui et iusto delectus rerum explicabo necessitatibus. Qui assumenda facere beatae qui et autem.</p>', '2019-07-31 01:12:01'),
(166, 29, 'Thibault Blin-Gallet', '<p>Accusamus qui eaque harum est excepturi mollitia ipsum neque. Officiis fugit et aliquid quidem. Dolores dolores velit labore. Consequatur est nihil sed eos ullam amet./p><p>Itaque repudiandae impedit omnis cumque at autem. Odio placeat error quibusdam voluptate et. Voluptatum est repellendus eveniet quibusdam saepe aut. Sed voluptas dolore iste rem ipsa enim necessitatibus.</p>', '2019-07-26 01:51:16'),
(167, 29, 'Valérie Le Renault', '<p>Voluptas eaque voluptas enim. Et sit sapiente neque unde animi. Ad architecto molestiae velit nulla non aut molestiae. Sit aut ex inventore culpa ab ullam consequatur quidem. Sit facilis qui inventore et unde./p><p>Veritatis fuga a quasi ea exercitationem alias. Ipsam sed aut sit sit explicabo.</p>', '2019-07-17 18:37:09'),
(168, 29, 'Roland du Baron', '<p>Dicta numquam possimus earum hic quos mollitia aut. Unde voluptatum omnis non. Tempore quia dolores ipsum dolor. Sed est labore voluptatem./p><p>Expedita blanditiis similique unde id rerum quia voluptas. Voluptas in rerum eum harum animi aut. Dolores dolorum ut enim voluptatibus expedita.</p>', '2019-06-01 20:39:23'),
(169, 29, 'Honoré Le Colas', '<p>Odio illo vel ut fugit. Sed magnam ex aut corrupti quia eos inventore provident. Similique similique quidem id recusandae nam eos atque asperiores. Et qui est commodi unde nihil adipisci in./p><p>Quis ut fugit non rerum consequatur est. Commodi atque animi aut voluptatem repudiandae. Ea dignissimos est laudantium in illo est.</p>', '2019-08-10 07:37:03'),
(170, 30, 'Hugues Michel', '<p>Minus repellat officia quia sit enim quia dolor cum. Suscipit quae atque iste. Rerum et vero totam voluptate sequi eos nobis. Qui libero qui cupiditate consequuntur ipsa facere./p><p>Magnam qui nihil molestiae temporibus illum nesciunt et. Qui consectetur aut totam.</p>', '2019-11-04 17:11:18'),
(171, 30, 'Geneviève Meyer', '<p>Non rerum inventore cupiditate culpa blanditiis amet vitae. Et laborum perferendis explicabo eos. Unde sunt facere possimus eum. Impedit ex et ut./p><p>Iure molestiae doloribus qui. Eum error eos hic et vero id veniam vel. Atque consequuntur ipsum mollitia optio repellat aut. Eum praesentium et consequatur odio.</p>', '2019-11-11 04:21:34'),
(172, 30, 'Jacques Martel', '<p>Quia vel dolores deleniti excepturi dicta atque quia. Magnam veritatis qui quidem. Minus possimus sequi omnis nulla dolores aliquid dicta./p><p>Eaque nemo commodi eius. Sunt minima omnis recusandae saepe quidem et ducimus magnam. Officiis aliquid praesentium magni inventore quia.</p>', '2019-11-06 13:30:18'),
(173, 30, 'Jacques Hoarau', '<p>Officiis ipsum ut ipsum reiciendis. Cum eaque aspernatur consequatur excepturi numquam. Assumenda sunt veritatis sunt voluptate excepturi./p><p>Optio adipisci fugiat saepe et sint. Qui exercitationem dolor sunt vero. Soluta officia laboriosam sapiente quae laudantium vel doloribus.</p>', '2019-11-07 11:42:08'),
(174, 30, 'Grégoire-Martin Giraud', '<p>Commodi qui veniam dolore cupiditate. Velit accusamus odio dolor dolore earum velit. Vel rerum laudantium facilis quos. Aut dignissimos est aut ipsam culpa nihil aut./p><p>Alias est tempora ut et veniam voluptate. Inventore sit animi est voluptatum id repudiandae quae soluta. Dicta quae voluptatem doloremque. Non voluptas placeat impedit itaque.</p>', '2019-11-13 20:03:57'),
(175, 30, 'Michelle Boucher', '<p>Dignissimos dolore necessitatibus molestiae sit sit. Sed non quod voluptate omnis omnis dignissimos est./p><p>Id odit ipsam repudiandae expedita nostrum hic. Officiis sint id aperiam repellendus ducimus aliquam. Ut fugiat quam sit.</p>', '2019-11-08 22:21:12'),
(176, 2, 'Son Excellence WADE', 'Cet article est très intéressant!', '2019-11-19 15:03:05');

-- --------------------------------------------------------

--
-- Structure de la table `migration_versions`
--

CREATE TABLE `migration_versions` (
  `version` varchar(14) COLLATE utf8mb4_unicode_ci NOT NULL,
  `executed_at` datetime NOT NULL COMMENT '(DC2Type:datetime_immutable)'
) ENGINE=InnoDB DEFAULT CHARSET=utf8mb4 COLLATE=utf8mb4_unicode_ci;

--
-- Contenu de la table `migration_versions`
--

INSERT INTO `migration_versions` (`version`, `executed_at`) VALUES
('20191101165706', '2019-11-01 17:03:16'),
('20191106115405', '2019-11-06 12:12:29'),
('20191115113147', '2019-11-15 11:36:02'),
('20191115172021', '2019-11-15 17:21:09');

-- --------------------------------------------------------

--
-- Structure de la table `user`
--

CREATE TABLE `user` (
  `id` int(11) NOT NULL,
  `email` varchar(255) COLLATE utf8mb4_unicode_ci NOT NULL,
  `username` varchar(255) COLLATE utf8mb4_unicode_ci NOT NULL,
  `password` varchar(255) COLLATE utf8mb4_unicode_ci NOT NULL
) ENGINE=InnoDB DEFAULT CHARSET=utf8mb4 COLLATE=utf8mb4_unicode_ci;

--
-- Contenu de la table `user`
--

INSERT INTO `user` (`id`, `email`, `username`, `password`) VALUES
(5, 'sonexcellence@symfony.org', 'Son Excellence', '$2y$13$WOn65GGXts6IZBOc15UiqeT1URU5.n7UwA7fGTT1E3M.1SFJ/0Sc2'),
(6, 'test@symfony.org', 'Test', '$2y$13$WOKzCigJAPMsV9b5APvDN.vJwbG8qqw/HupOFUu.g//ZCFg9pw/rG'),
(8, 'papa@symfony.org', 'papa', '$2y$13$137K2QONRLhqdWOvEY4fxuBJqxkqJxYpvxEWqvydhaR5Zilr9NPye');

--
-- Index pour les tables exportées
--

--
-- Index pour la table `article`
--
ALTER TABLE `article`
  ADD PRIMARY KEY (`id`),
  ADD KEY `IDX_23A0E6612469DE2` (`category_id`);

--
-- Index pour la table `category`
--
ALTER TABLE `category`
  ADD PRIMARY KEY (`id`);

--
-- Index pour la table `comment`
--
ALTER TABLE `comment`
  ADD PRIMARY KEY (`id`),
  ADD KEY `IDX_9474526C7294869C` (`article_id`);

--
-- Index pour la table `migration_versions`
--
ALTER TABLE `migration_versions`
  ADD PRIMARY KEY (`version`);

--
-- Index pour la table `user`
--
ALTER TABLE `user`
  ADD PRIMARY KEY (`id`);

--
-- AUTO_INCREMENT pour les tables exportées
--

--
-- AUTO_INCREMENT pour la table `article`
--
ALTER TABLE `article`
  MODIFY `id` int(11) NOT NULL AUTO_INCREMENT, AUTO_INCREMENT=32;
--
-- AUTO_INCREMENT pour la table `category`
--
ALTER TABLE `category`
  MODIFY `id` int(11) NOT NULL AUTO_INCREMENT, AUTO_INCREMENT=4;
--
-- AUTO_INCREMENT pour la table `comment`
--
ALTER TABLE `comment`
  MODIFY `id` int(11) NOT NULL AUTO_INCREMENT, AUTO_INCREMENT=177;
--
-- AUTO_INCREMENT pour la table `user`
--
ALTER TABLE `user`
  MODIFY `id` int(11) NOT NULL AUTO_INCREMENT, AUTO_INCREMENT=9;
--
-- Contraintes pour les tables exportées
--

--
-- Contraintes pour la table `article`
--
ALTER TABLE `article`
  ADD CONSTRAINT `FK_23A0E6612469DE2` FOREIGN KEY (`category_id`) REFERENCES `category` (`id`);

--
-- Contraintes pour la table `comment`
--
ALTER TABLE `comment`
  ADD CONSTRAINT `FK_9474526C7294869C` FOREIGN KEY (`article_id`) REFERENCES `article` (`id`);

/*!40101 SET CHARACTER_SET_CLIENT=@OLD_CHARACTER_SET_CLIENT */;
/*!40101 SET CHARACTER_SET_RESULTS=@OLD_CHARACTER_SET_RESULTS */;
/*!40101 SET COLLATION_CONNECTION=@OLD_COLLATION_CONNECTION */;
